parent_model,dataset,numshot,student_model,mean_auc,mean_complexity
tabllm,albert,64,ttnet,0.5539,558.2
tabllm,albert,64,xgboost,0.5908,1012.0
tabllm,albert,64,logistic_rule_regression,0.5993,23.0
tabllm,albert,64,logistic_regression,0.5729,194.0
tabllm,albert,64,decision_tree,0.5212,19.0
tabllm,albert,16,ttnet,0.5395,714.4
tabllm,albert,16,xgboost,0.5984,78.0
tabllm,albert,16,logistic_rule_regression,0.5,0.0
tabllm,albert,16,logistic_regression,0.5467,194.0
tabllm,albert,16,decision_tree,0.5058,107.8
tabllm,albert,4,ttnet,0.4878,914.4
tabllm,albert,4,xgboost,0.4912,228.6
tabllm,albert,4,logistic_rule_regression,0.5,0.0
tabllm,albert,4,logistic_regression,0.484,194.0
tabllm,albert,4,decision_tree,0.5002,21.4
tabllm,albert,8,ttnet,0.5661,759.4
tabllm,albert,8,xgboost,0.623,8764.0
tabllm,albert,8,logistic_rule_regression,0.5951,12.0
tabllm,albert,8,logistic_regression,0.5691,194.0
tabllm,albert,8,decision_tree,0.556,19.8
tabllm,albert,32,ttnet,0.5688,697.0
tabllm,albert,32,xgboost,0.6329,316.4
tabllm,albert,32,logistic_rule_regression,0.6081,8.8
tabllm,albert,32,logistic_regression,0.5916,194.0
tabllm,albert,32,decision_tree,0.6101,16.6
tabllm,albert,256,ttnet,0.5611,778.2
tabllm,albert,256,xgboost,0.5674,5324.6
tabllm,albert,256,logistic_rule_regression,0.5765,17.0
tabllm,albert,256,logistic_regression,0.6134,194.0
tabllm,albert,256,decision_tree,0.5364,35.4
tabllm,albert,128,ttnet,0.5894,773.0
tabllm,albert,128,xgboost,0.6415,14168.6
tabllm,albert,128,logistic_rule_regression,0.6443,39.4
tabllm,albert,128,logistic_regression,0.6202,194.0
tabllm,albert,128,decision_tree,0.6037,7.0
tabllm,blood,64,ttnet,0.6446,71.6
tabllm,blood,64,xgboost,0.6669,3015.2
tabllm,blood,64,logistic_rule_regression,0.6649,47.0
tabllm,blood,64,logistic_regression,0.6407,8.0
tabllm,blood,64,decision_tree,0.6513,427.4
tabllm,blood,16,ttnet,0.7267,59.2
tabllm,blood,16,xgboost,0.7075,2287.4
tabllm,blood,16,logistic_rule_regression,0.7257,32.0
tabllm,blood,16,logistic_regression,0.7413,8.0
tabllm,blood,16,decision_tree,0.6665,314.6
tabllm,blood,4,ttnet,0.5495,46.6
tabllm,blood,4,xgboost,0.5669,2664.8
tabllm,blood,4,logistic_rule_regression,0.5276,30.4
tabllm,blood,4,logistic_regression,0.5518,8.0
tabllm,blood,4,decision_tree,0.518,174.2
tabllm,blood,8,ttnet,0.7273,67.8
tabllm,blood,8,xgboost,0.7372,1021.2
tabllm,blood,8,logistic_rule_regression,0.7218,43.0
tabllm,blood,8,logistic_regression,0.7257,8.0
tabllm,blood,8,decision_tree,0.68,172.6
tabllm,blood,32,ttnet,0.7381,69.2
tabllm,blood,32,xgboost,0.684,5675.2
tabllm,blood,32,logistic_rule_regression,0.7099,44.0
tabllm,blood,32,logistic_regression,0.7446,8.0
tabllm,blood,32,decision_tree,0.6718,379.8
tabllm,blood,256,ttnet,0.7173,50.4
tabllm,blood,256,xgboost,0.7269,5198.8
tabllm,blood,256,logistic_rule_regression,0.7355,34.0
tabllm,blood,256,logistic_regression,0.7643,8.0
tabllm,blood,256,decision_tree,0.6883,461.8
tabllm,blood,128,ttnet,0.7398,62.2
tabllm,blood,128,xgboost,0.7105,6688.2
tabllm,blood,128,logistic_rule_regression,0.7296,47.0
tabllm,blood,128,logistic_regression,0.7625,8.0
tabllm,blood,128,decision_tree,0.6932,223.4
tabllm,bank,64,ttnet,0.6881,529.2
tabllm,bank,64,xgboost,0.7113,2706.2
tabllm,bank,64,logistic_rule_regression,0.7288,105.0
tabllm,bank,64,logistic_regression,0.7186,64.0
tabllm,bank,64,decision_tree,0.6565,226.6
tabllm,bank,16,ttnet,0.5235,393.4
tabllm,bank,16,xgboost,0.5391,3542.8
tabllm,bank,16,logistic_rule_regression,0.5334,48.0
tabllm,bank,16,logistic_regression,0.5216,64.0
tabllm,bank,16,decision_tree,0.523,107.4
tabllm,bank,4,ttnet,0.5777,427.8
tabllm,bank,4,xgboost,0.6569,1028.0
tabllm,bank,4,logistic_rule_regression,0.6553,48.0
tabllm,bank,4,logistic_regression,0.669,64.0
tabllm,bank,4,decision_tree,0.6036,123.0
tabllm,bank,8,ttnet,0.702,492.0
tabllm,bank,8,xgboost,0.7038,1384.4
tabllm,bank,8,logistic_rule_regression,0.721,53.0
tabllm,bank,8,logistic_regression,0.7207,64.0
tabllm,bank,8,decision_tree,0.6654,223.0
tabllm,bank,32,ttnet,0.56,498.6
tabllm,bank,32,xgboost,0.5679,2998.4
tabllm,bank,32,logistic_rule_regression,0.5451,171.0
tabllm,bank,32,logistic_regression,0.5582,64.0
tabllm,bank,32,decision_tree,0.5486,413.4
tabllm,bank,256,ttnet,0.8098,463.2
tabllm,bank,256,xgboost,0.8592,2463.6
tabllm,bank,256,logistic_rule_regression,0.8628,71.0
tabllm,bank,256,logistic_regression,0.8741,64.0
tabllm,bank,256,decision_tree,0.8358,176.2
tabllm,bank,128,ttnet,0.7905,514.8
tabllm,bank,128,xgboost,0.8118,2516.4
tabllm,bank,128,logistic_rule_regression,0.8174,65.0
tabllm,bank,128,logistic_regression,0.8566,64.0
tabllm,bank,128,decision_tree,0.7852,160.6
tabllm,eye_movements,64,ttnet,0.5194,597.2
tabllm,eye_movements,64,xgboost,0.5544,4591.2
tabllm,eye_movements,64,logistic_rule_regression,0.5657,30.8
tabllm,eye_movements,64,logistic_regression,0.5445,46.0
tabllm,eye_movements,64,decision_tree,0.5384,35.0
tabllm,eye_movements,16,ttnet,0.5277,625.0
tabllm,eye_movements,16,xgboost,0.5242,25120.8
tabllm,eye_movements,16,logistic_rule_regression,0.5306,65.4
tabllm,eye_movements,16,logistic_regression,0.4959,46.0
tabllm,eye_movements,16,decision_tree,0.5101,19.0
tabllm,eye_movements,4,ttnet,0.5158,562.8
tabllm,eye_movements,4,xgboost,0.5163,1536.4
tabllm,eye_movements,4,logistic_rule_regression,0.4945,22.0
tabllm,eye_movements,4,logistic_regression,0.4898,46.0
tabllm,eye_movements,4,decision_tree,0.4952,25.4
tabllm,eye_movements,8,ttnet,0.4909,645.4
tabllm,eye_movements,8,xgboost,0.5076,6655.0
tabllm,eye_movements,8,logistic_rule_regression,0.4961,37.0
tabllm,eye_movements,8,logistic_regression,0.4733,46.0
tabllm,eye_movements,8,decision_tree,0.4974,21.8
tabllm,eye_movements,32,ttnet,0.478,614.8
tabllm,eye_movements,32,xgboost,0.5205,768.4
tabllm,eye_movements,32,logistic_rule_regression,0.4973,51.0
tabllm,eye_movements,32,logistic_regression,0.4751,46.0
tabllm,eye_movements,32,decision_tree,0.5179,44.6
tabllm,eye_movements,256,ttnet,0.526,647.8
tabllm,eye_movements,256,xgboost,0.5613,3690.8
tabllm,eye_movements,256,logistic_rule_regression,0.5767,42.0
tabllm,eye_movements,256,logistic_regression,0.5509,46.0
tabllm,eye_movements,256,decision_tree,0.54,64.6
tabllm,eye_movements,128,ttnet,0.5174,591.4
tabllm,eye_movements,128,xgboost,0.5645,642.4
tabllm,eye_movements,128,logistic_rule_regression,0.57,26.0
tabllm,eye_movements,128,logistic_regression,0.5294,46.0
tabllm,eye_movements,128,decision_tree,0.5681,15.0
tabllm,creditg,64,ttnet,0.6751,575.8
tabllm,creditg,64,xgboost,0.679,2518.8
tabllm,creditg,64,logistic_rule_regression,0.6878,49.4
tabllm,creditg,64,logistic_regression,0.6514,96.0
tabllm,creditg,64,decision_tree,0.6728,206.2
tabllm,creditg,16,ttnet,0.6021,588.6
tabllm,creditg,16,xgboost,0.6253,2792.6
tabllm,creditg,16,logistic_rule_regression,0.6159,90.8
tabllm,creditg,16,logistic_regression,0.6138,96.0
tabllm,creditg,16,decision_tree,0.5845,487.8
tabllm,creditg,4,ttnet,0.4915,615.0
tabllm,creditg,4,xgboost,0.6143,2613.0
tabllm,creditg,4,logistic_rule_regression,0.5494,54.0
tabllm,creditg,4,logistic_regression,0.5337,96.0
tabllm,creditg,4,decision_tree,0.5907,119.0
tabllm,creditg,8,ttnet,0.6914,540.2
tabllm,creditg,8,xgboost,0.6979,1359.4
tabllm,creditg,8,logistic_rule_regression,0.7029,67.0
tabllm,creditg,8,logistic_regression,0.6789,96.0
tabllm,creditg,8,decision_tree,0.6846,235.8
tabllm,creditg,32,ttnet,0.7132,545.0
tabllm,creditg,32,xgboost,0.7252,2260.0
tabllm,creditg,32,logistic_rule_regression,0.7128,80.4
tabllm,creditg,32,logistic_regression,0.7092,96.0
tabllm,creditg,32,decision_tree,0.6937,261.8
tabllm,creditg,256,ttnet,0.7151,609.2
tabllm,creditg,256,xgboost,0.7552,5008.6
tabllm,creditg,256,logistic_rule_regression,0.7281,77.0
tabllm,creditg,256,logistic_regression,0.7437,96.0
tabllm,creditg,256,decision_tree,0.6456,162.2
tabllm,creditg,128,ttnet,0.7293,591.6
tabllm,creditg,128,xgboost,0.7384,9091.2
tabllm,creditg,128,logistic_rule_regression,0.7368,90.0
tabllm,creditg,128,logistic_regression,0.7379,96.0
tabllm,creditg,128,decision_tree,0.687,359.8
tabllm,compas,64,ttnet,0.6465,393.2
tabllm,compas,64,xgboost,0.6534,3166.4
tabllm,compas,64,logistic_rule_regression,0.6648,28.0
tabllm,compas,64,logistic_regression,0.6563,22.0
tabllm,compas,64,decision_tree,0.6169,263.8
tabllm,compas,16,ttnet,0.6377,328.4
tabllm,compas,16,xgboost,0.6389,7010.2
tabllm,compas,16,logistic_rule_regression,0.6443,46.0
tabllm,compas,16,logistic_regression,0.6467,22.0
tabllm,compas,16,decision_tree,0.6097,329.8
tabllm,compas,4,ttnet,0.5826,389.8
tabllm,compas,4,xgboost,0.5702,18574.6
tabllm,compas,4,logistic_rule_regression,0.5922,71.0
tabllm,compas,4,logistic_regression,0.598,22.0
tabllm,compas,4,decision_tree,0.5504,610.2
tabllm,compas,8,ttnet,0.6324,434.0
tabllm,compas,8,xgboost,0.6299,1291.6
tabllm,compas,8,logistic_rule_regression,0.606,2.4
tabllm,compas,8,logistic_regression,0.6665,22.0
tabllm,compas,8,decision_tree,0.5766,11.8
tabllm,compas,32,ttnet,0.5896,374.2
tabllm,compas,32,xgboost,0.5988,8288.0
tabllm,compas,32,logistic_rule_regression,0.6233,47.4
tabllm,compas,32,logistic_regression,0.6152,22.0
tabllm,compas,32,decision_tree,0.5768,289.4
tabllm,compas,256,ttnet,0.6418,419.6
tabllm,compas,256,xgboost,0.6985,5221.0
tabllm,compas,256,logistic_rule_regression,0.7194,29.0
tabllm,compas,256,logistic_regression,0.7151,22.0
tabllm,compas,256,decision_tree,0.6771,227.8
tabllm,compas,128,ttnet,0.6589,414.6
tabllm,compas,128,xgboost,0.6824,6705.4
tabllm,compas,128,logistic_rule_regression,0.7039,88.0
tabllm,compas,128,logistic_regression,0.7101,22.0
tabllm,compas,128,decision_tree,0.667,556.2
tabllm,electricity,64,ttnet,0.7666,418.0
tabllm,electricity,64,xgboost,0.7777,4984.4
tabllm,electricity,64,logistic_rule_regression,0.7914,71.0
tabllm,electricity,64,logistic_regression,0.8107,26.0
tabllm,electricity,64,decision_tree,0.7565,212.6
tabllm,electricity,16,ttnet,0.6638,406.6
tabllm,electricity,16,xgboost,0.6587,3004.2
tabllm,electricity,16,logistic_rule_regression,0.6712,69.0
tabllm,electricity,16,logistic_regression,0.7782,26.0
tabllm,electricity,16,decision_tree,0.6337,213.4
tabllm,electricity,4,ttnet,0.5946,464.8
tabllm,electricity,4,xgboost,0.6387,1333.6
tabllm,electricity,4,logistic_rule_regression,0.6798,52.0
tabllm,electricity,4,logistic_regression,0.6501,26.0
tabllm,electricity,4,decision_tree,0.5914,251.0
tabllm,electricity,8,ttnet,0.5851,405.8
tabllm,electricity,8,xgboost,0.5702,1553.4
tabllm,electricity,8,logistic_rule_regression,0.5841,69.0
tabllm,electricity,8,logistic_regression,0.637,26.0
tabllm,electricity,8,decision_tree,0.5586,314.2
tabllm,electricity,32,ttnet,0.6088,419.2
tabllm,electricity,32,xgboost,0.609,1119.2
tabllm,electricity,32,logistic_rule_regression,0.6243,44.0
tabllm,electricity,32,logistic_regression,0.6226,26.0
tabllm,electricity,32,decision_tree,0.5934,158.2
tabllm,electricity,256,ttnet,0.7682,438.8
tabllm,electricity,256,xgboost,0.8056,3181.0
tabllm,electricity,256,logistic_rule_regression,0.8099,80.0
tabllm,electricity,256,logistic_regression,0.8065,26.0
tabllm,electricity,256,decision_tree,0.7726,266.6
tabllm,electricity,128,ttnet,0.7296,458.4
tabllm,electricity,128,xgboost,0.7497,4836.6
tabllm,electricity,128,logistic_rule_regression,0.7489,31.0
tabllm,electricity,128,logistic_regression,0.7681,26.0
tabllm,electricity,128,decision_tree,0.7459,72.6
tabllm,income,64,ttnet,0.8449,763.0
tabllm,income,64,xgboost,0.8522,3759.0
tabllm,income,64,logistic_rule_regression,0.8449,152.0
tabllm,income,64,logistic_regression,0.8494,200.0
tabllm,income,64,decision_tree,0.7682,371.0
tabllm,income,16,ttnet,0.8414,817.6
tabllm,income,16,xgboost,0.8527,3112.6
tabllm,income,16,logistic_rule_regression,0.8436,112.0
tabllm,income,16,logistic_regression,0.8502,200.0
tabllm,income,16,decision_tree,0.7977,231.8
tabllm,income,4,ttnet,0.8075,784.8
tabllm,income,4,xgboost,0.8212,2877.0
tabllm,income,4,logistic_rule_regression,0.8132,43.0
tabllm,income,4,logistic_regression,0.829,200.0
tabllm,income,4,decision_tree,0.7642,345.0
tabllm,income,8,ttnet,0.7998,805.6
tabllm,income,8,xgboost,0.8278,2771.6
tabllm,income,8,logistic_rule_regression,0.8226,41.0
tabllm,income,8,logistic_regression,0.8243,200.0
tabllm,income,8,decision_tree,0.7512,284.6
tabllm,income,32,ttnet,0.811,777.8
tabllm,income,32,xgboost,0.8323,1982.2
tabllm,income,32,logistic_rule_regression,0.839,112.6
tabllm,income,32,logistic_regression,0.832,200.0
tabllm,income,32,decision_tree,0.7508,423.0
tabllm,income,256,ttnet,0.8476,749.0
tabllm,income,256,xgboost,0.859,1903.8
tabllm,income,256,logistic_rule_regression,0.8564,104.8
tabllm,income,256,logistic_regression,0.856,200.0
tabllm,income,256,decision_tree,0.8033,389.4
tabllm,income,128,ttnet,0.8121,674.4
tabllm,income,128,xgboost,0.8557,3978.8
tabllm,income,128,logistic_rule_regression,0.8562,88.0
tabllm,income,128,logistic_regression,0.8645,200.0
tabllm,income,128,decision_tree,0.8012,303.8
tabllm,diabetes,64,ttnet,0.7551,242.6
tabllm,diabetes,64,xgboost,0.8069,4547.8
tabllm,diabetes,64,logistic_rule_regression,0.8118,59.2
tabllm,diabetes,64,logistic_regression,0.8169,16.0
tabllm,diabetes,64,decision_tree,0.7726,293.0
tabllm,diabetes,16,ttnet,0.7135,15.6
tabllm,diabetes,16,xgboost,0.7506,880.0
tabllm,diabetes,16,logistic_rule_regression,0.6675,6.4
tabllm,diabetes,16,logistic_regression,0.7876,16.0
tabllm,diabetes,16,decision_tree,0.6459,79.8
tabllm,diabetes,4,ttnet,0.4947,237.8
tabllm,diabetes,4,xgboost,0.4435,1357.0
tabllm,diabetes,4,logistic_rule_regression,0.5,0.0
tabllm,diabetes,4,logistic_regression,0.5607,16.0
tabllm,diabetes,4,decision_tree,0.4982,20.6
tabllm,diabetes,8,ttnet,0.7258,17.0
tabllm,diabetes,8,xgboost,0.7122,1105.6
tabllm,diabetes,8,logistic_rule_regression,0.7233,22.4
tabllm,diabetes,8,logistic_regression,0.7743,16.0
tabllm,diabetes,8,decision_tree,0.6599,180.2
tabllm,diabetes,32,ttnet,0.7619,221.2
tabllm,diabetes,32,xgboost,0.7516,4647.8
tabllm,diabetes,32,logistic_rule_regression,0.7533,40.0
tabllm,diabetes,32,logistic_regression,0.7912,16.0
tabllm,diabetes,32,decision_tree,0.7092,257.0
tabllm,diabetes,256,ttnet,0.7701,220.2
tabllm,diabetes,256,xgboost,0.828,4831.6
tabllm,diabetes,256,logistic_rule_regression,0.8032,59.0
tabllm,diabetes,256,logistic_regression,0.8098,16.0
tabllm,diabetes,256,decision_tree,0.7737,281.8
tabllm,diabetes,128,ttnet,0.7368,183.2
tabllm,diabetes,128,xgboost,0.7455,1648.6
tabllm,diabetes,128,logistic_rule_regression,0.7249,20.0
tabllm,diabetes,128,logistic_regression,0.778,16.0
tabllm,diabetes,128,decision_tree,0.7225,157.4
tabllm,covertype,64,ttnet,0.6481,633.8
tabllm,covertype,64,xgboost,0.6373,3217.2
tabllm,covertype,64,logistic_rule_regression,0.6276,94.2
tabllm,covertype,64,logistic_regression,0.6284,98.0
tabllm,covertype,64,decision_tree,0.5769,226.2
tabllm,covertype,16,ttnet,0.5802,523.2
tabllm,covertype,16,xgboost,0.5841,1107.0
tabllm,covertype,16,logistic_rule_regression,0.5678,78.0
tabllm,covertype,16,logistic_regression,0.5794,98.0
tabllm,covertype,16,decision_tree,0.5409,167.8
tabllm,covertype,4,ttnet,0.5505,401.6
tabllm,covertype,4,xgboost,0.5187,2523.2
tabllm,covertype,4,logistic_rule_regression,0.5176,7.0
tabllm,covertype,4,logistic_regression,0.558,98.0
tabllm,covertype,4,decision_tree,0.5116,36.2
tabllm,covertype,8,ttnet,0.5401,353.8
tabllm,covertype,8,xgboost,0.5275,3821.8
tabllm,covertype,8,logistic_rule_regression,0.5165,11.0
tabllm,covertype,8,logistic_regression,0.5578,98.0
tabllm,covertype,8,decision_tree,0.5123,57.8
tabllm,covertype,32,ttnet,0.6409,579.8
tabllm,covertype,32,xgboost,0.6701,2323.0
tabllm,covertype,32,logistic_rule_regression,0.6917,43.2
tabllm,covertype,32,logistic_regression,0.6256,98.0
tabllm,covertype,32,decision_tree,0.6533,40.6
tabllm,covertype,256,ttnet,0.7454,554.2
tabllm,covertype,256,xgboost,0.7991,2429.8
tabllm,covertype,256,logistic_rule_regression,0.797,31.0
tabllm,covertype,256,logistic_regression,0.8068,98.0
tabllm,covertype,256,decision_tree,0.7703,38.6
tabllm,covertype,128,ttnet,0.7664,557.6
tabllm,covertype,128,xgboost,0.799,1582.8
tabllm,covertype,128,logistic_rule_regression,0.7851,53.2
tabllm,covertype,128,logistic_regression,0.7936,98.0
tabllm,covertype,128,decision_tree,0.7743,149.0
tabllm,credit_card_default,64,ttnet,0.6934,540.6
tabllm,credit_card_default,64,xgboost,0.737,5413.6
tabllm,credit_card_default,64,logistic_rule_regression,0.7168,42.0
tabllm,credit_card_default,64,logistic_regression,0.6941,42.0
tabllm,credit_card_default,64,decision_tree,0.7053,42.6
tabllm,credit_card_default,16,ttnet,0.6843,653.2
tabllm,credit_card_default,16,xgboost,0.6112,3978.2
tabllm,credit_card_default,16,logistic_rule_regression,0.5721,118.0
tabllm,credit_card_default,16,logistic_regression,0.631,42.0
tabllm,credit_card_default,16,decision_tree,0.5028,21.8
tabllm,credit_card_default,4,ttnet,0.3267,556.8
tabllm,credit_card_default,4,xgboost,0.3369,8455.6
tabllm,credit_card_default,4,logistic_rule_regression,0.3389,48.0
tabllm,credit_card_default,4,logistic_regression,0.2987,42.0
tabllm,credit_card_default,4,decision_tree,0.3385,359.0
tabllm,credit_card_default,8,ttnet,0.3365,593.4
tabllm,credit_card_default,8,xgboost,0.3151,1143.2
tabllm,credit_card_default,8,logistic_rule_regression,0.3212,108.4
tabllm,credit_card_default,8,logistic_regression,0.3089,42.0
tabllm,credit_card_default,8,decision_tree,0.3583,378.6
tabllm,credit_card_default,32,ttnet,0.671,567.0
tabllm,credit_card_default,32,xgboost,0.6273,8197.6
tabllm,credit_card_default,32,logistic_rule_regression,0.6039,76.0
tabllm,credit_card_default,32,logistic_regression,0.6281,42.0
tabllm,credit_card_default,32,decision_tree,0.6513,77.8
tabllm,credit_card_default,256,ttnet,0.7048,629.4
tabllm,credit_card_default,256,xgboost,0.6946,2336.0
tabllm,credit_card_default,256,logistic_rule_regression,0.6769,60.0
tabllm,credit_card_default,256,logistic_regression,0.698,42.0
tabllm,credit_card_default,256,decision_tree,0.6257,148.6
tabllm,credit_card_default,128,ttnet,0.7097,628.0
tabllm,credit_card_default,128,xgboost,0.6516,11687.2
tabllm,credit_card_default,128,logistic_rule_regression,0.6115,54.0
tabllm,credit_card_default,128,logistic_regression,0.7111,42.0
tabllm,credit_card_default,128,decision_tree,0.6046,11.0
tabllm,jungle,64,ttnet,0.7705,210.6
tabllm,jungle,64,xgboost,0.788,34769.4
tabllm,jungle,64,logistic_rule_regression,0.7749,46.0
tabllm,jungle,64,logistic_regression,0.7633,12.0
tabllm,jungle,64,decision_tree,0.7326,700.6
tabllm,jungle,16,ttnet,0.649,227.8
tabllm,jungle,16,xgboost,0.6967,2609.8
tabllm,jungle,16,logistic_rule_regression,0.6871,42.0
tabllm,jungle,16,logistic_regression,0.6518,12.0
tabllm,jungle,16,decision_tree,0.6337,244.2
tabllm,jungle,4,ttnet,0.6275,136.2
tabllm,jungle,4,xgboost,0.6401,1406.6
tabllm,jungle,4,logistic_rule_regression,0.6364,28.0
tabllm,jungle,4,logistic_regression,0.6658,12.0
tabllm,jungle,4,decision_tree,0.5875,210.2
tabllm,jungle,8,ttnet,0.5763,272.8
tabllm,jungle,8,xgboost,0.464,2.0
tabllm,jungle,8,logistic_rule_regression,0.5,0.0
tabllm,jungle,8,logistic_regression,0.7439,12.0
tabllm,jungle,8,decision_tree,0.5022,21.0
tabllm,jungle,32,ttnet,0.7294,224.2
tabllm,jungle,32,xgboost,0.7202,26823.6
tabllm,jungle,32,logistic_rule_regression,0.7146,49.0
tabllm,jungle,32,logistic_regression,0.7406,12.0
tabllm,jungle,32,decision_tree,0.667,409.0
tabllm,jungle,256,ttnet,0.7826,248.2
tabllm,jungle,256,xgboost,0.8431,10175.0
tabllm,jungle,256,logistic_rule_regression,0.8281,37.0
tabllm,jungle,256,logistic_regression,0.8069,12.0
tabllm,jungle,256,decision_tree,0.7869,411.4
tabllm,jungle,128,ttnet,0.7633,227.0
tabllm,jungle,128,xgboost,0.7861,49589.6
tabllm,jungle,128,logistic_rule_regression,0.7891,59.0
tabllm,jungle,128,logistic_regression,0.7852,12.0
tabllm,jungle,128,decision_tree,0.7059,959.4
tabllm,heart,64,ttnet,0.8579,380.0
tabllm,heart,64,xgboost,0.8642,578.4
tabllm,heart,64,logistic_rule_regression,0.8476,40.0
tabllm,heart,64,logistic_regression,0.8648,30.0
tabllm,heart,64,decision_tree,0.793,73.8
tabllm,heart,16,ttnet,0.7771,376.4
tabllm,heart,16,xgboost,0.7358,3015.4
tabllm,heart,16,logistic_rule_regression,0.8031,17.2
tabllm,heart,16,logistic_regression,0.7599,30.0
tabllm,heart,16,decision_tree,0.6694,11.4
tabllm,heart,4,ttnet,0.8026,384.6
tabllm,heart,4,xgboost,0.8003,1474.2
tabllm,heart,4,logistic_rule_regression,0.8018,14.0
tabllm,heart,4,logistic_regression,0.8216,30.0
tabllm,heart,4,decision_tree,0.75,15.4
tabllm,heart,8,ttnet,0.8095,386.2
tabllm,heart,8,xgboost,0.8103,2845.2
tabllm,heart,8,logistic_rule_regression,0.8322,45.6
tabllm,heart,8,logistic_regression,0.827,30.0
tabllm,heart,8,decision_tree,0.7722,99.0
tabllm,heart,32,ttnet,0.8607,371.2
tabllm,heart,32,xgboost,0.8779,391.8
tabllm,heart,32,logistic_rule_regression,0.8652,18.0
tabllm,heart,32,logistic_regression,0.8821,30.0
tabllm,heart,32,decision_tree,0.8119,88.2
tabllm,heart,256,ttnet,0.8985,421.0
tabllm,heart,256,xgboost,0.9116,13038.2
tabllm,heart,256,logistic_rule_regression,0.9042,72.0
tabllm,heart,256,logistic_regression,0.9112,30.0
tabllm,heart,256,decision_tree,0.8631,305.0
tabllm,heart,128,ttnet,0.8813,348.6
tabllm,heart,128,xgboost,0.9032,2933.2
tabllm,heart,128,logistic_rule_regression,0.8862,50.4
tabllm,heart,128,logistic_regression,0.8871,30.0
tabllm,heart,128,decision_tree,0.8509,171.4
tabllm,road_safety,64,ttnet,0.5715,755.0
tabllm,road_safety,64,xgboost,0.5594,3351.0
tabllm,road_safety,64,logistic_rule_regression,0.5523,34.6
tabllm,road_safety,64,logistic_regression,0.5647,64.0
tabllm,road_safety,64,decision_tree,0.5583,333.4
tabllm,road_safety,16,ttnet,0.6847,608.2
tabllm,road_safety,16,xgboost,0.6832,1643.2
tabllm,road_safety,16,logistic_rule_regression,0.6873,70.0
tabllm,road_safety,16,logistic_regression,0.6757,64.0
tabllm,road_safety,16,decision_tree,0.6719,95.8
tabllm,road_safety,4,ttnet,0.6975,309.0
tabllm,road_safety,4,xgboost,0.6855,32.0
tabllm,road_safety,4,logistic_rule_regression,0.6855,4.0
tabllm,road_safety,4,logistic_regression,0.6914,64.0
tabllm,road_safety,4,decision_tree,0.6855,3.0
tabllm,road_safety,8,ttnet,0.6795,295.4
tabllm,road_safety,8,xgboost,0.6855,25.0
tabllm,road_safety,8,logistic_rule_regression,0.6855,4.0
tabllm,road_safety,8,logistic_regression,0.6914,64.0
tabllm,road_safety,8,decision_tree,0.6855,5.0
tabllm,road_safety,32,ttnet,0.6901,410.4
tabllm,road_safety,32,xgboost,0.6809,116.4
tabllm,road_safety,32,logistic_rule_regression,0.6839,7.0
tabllm,road_safety,32,logistic_regression,0.7007,64.0
tabllm,road_safety,32,decision_tree,0.6849,9.8
tabllm,road_safety,256,ttnet,0.607,703.8
tabllm,road_safety,256,xgboost,0.5694,5960.4
tabllm,road_safety,256,logistic_rule_regression,0.6039,29.0
tabllm,road_safety,256,logistic_regression,0.6745,64.0
tabllm,road_safety,256,decision_tree,0.5842,342.6
tabllm,road_safety,128,ttnet,0.5068,759.0
tabllm,road_safety,128,xgboost,0.4647,6168.0
tabllm,road_safety,128,logistic_rule_regression,0.501,16.8
tabllm,road_safety,128,logistic_regression,0.4743,64.0
tabllm,road_safety,128,decision_tree,0.4547,499.8
tabllm,calhousing,64,ttnet,0.8154,196.8
tabllm,calhousing,64,xgboost,0.7778,2966.4
tabllm,calhousing,64,logistic_rule_regression,0.7715,77.0
tabllm,calhousing,64,logistic_regression,0.787,16.0
tabllm,calhousing,64,decision_tree,0.7539,122.6
tabllm,calhousing,16,ttnet,0.7738,177.2
tabllm,calhousing,16,xgboost,0.6654,1623.6
tabllm,calhousing,16,logistic_rule_regression,0.7355,54.0
tabllm,calhousing,16,logistic_regression,0.7473,16.0
tabllm,calhousing,16,decision_tree,0.6566,331.0
tabllm,calhousing,4,ttnet,0.5651,188.8
tabllm,calhousing,4,xgboost,0.5284,64.4
tabllm,calhousing,4,logistic_rule_regression,0.5261,3.0
tabllm,calhousing,4,logistic_regression,0.6069,16.0
tabllm,calhousing,4,decision_tree,0.4997,36.2
tabllm,calhousing,8,ttnet,0.6217,29.0
tabllm,calhousing,8,xgboost,0.5804,3993.6
tabllm,calhousing,8,logistic_rule_regression,0.6076,29.0
tabllm,calhousing,8,logistic_regression,0.6013,16.0
tabllm,calhousing,8,decision_tree,0.5497,36.2
tabllm,calhousing,32,ttnet,0.8186,150.6
tabllm,calhousing,32,xgboost,0.8238,2708.8
tabllm,calhousing,32,logistic_rule_regression,0.8282,61.0
tabllm,calhousing,32,logistic_regression,0.831,16.0
tabllm,calhousing,32,decision_tree,0.8057,53.8
tabllm,calhousing,256,ttnet,0.8322,147.2
tabllm,calhousing,256,xgboost,0.8398,2354.2
tabllm,calhousing,256,logistic_rule_regression,0.8381,67.0
tabllm,calhousing,256,logistic_regression,0.847,16.0
tabllm,calhousing,256,decision_tree,0.7921,57.4
tabllm,calhousing,128,ttnet,0.8241,160.0
tabllm,calhousing,128,xgboost,0.8172,437.4
tabllm,calhousing,128,logistic_rule_regression,0.832,55.0
tabllm,calhousing,128,logistic_regression,0.8409,16.0
tabllm,calhousing,128,decision_tree,0.8119,86.2
tabm,albert,64,ttnet,0.6167,924.2
tabm,albert,64,xgboost,0.6341,1912.6
tabm,albert,64,logistic_rule_regression,0.6226,99.0
tabm,albert,64,logistic_regression,0.6392,194.0
tabm,albert,64,decision_tree,0.5833,224.2
tabm,albert,16,ttnet,0.5194,859.4
tabm,albert,16,xgboost,0.5147,1741.6
tabm,albert,16,logistic_rule_regression,0.5228,33.2
tabm,albert,16,logistic_regression,0.5204,194.0
tabm,albert,16,decision_tree,0.5066,222.2
tabm,albert,4,ttnet,0.5099,696.8
tabm,albert,4,xgboost,0.521,2131.2
tabm,albert,4,logistic_rule_regression,0.5041,29.0
tabm,albert,4,logistic_regression,0.5233,194.0
tabm,albert,4,decision_tree,0.5006,117.4
tabm,albert,8,ttnet,0.5023,908.8
tabm,albert,8,xgboost,0.5068,1641.8
tabm,albert,8,logistic_rule_regression,0.5163,63.0
tabm,albert,8,logistic_regression,0.5081,194.0
tabm,albert,8,decision_tree,0.5037,229.4
tabm,albert,32,ttnet,0.5489,934.0
tabm,albert,32,xgboost,0.5686,1659.0
tabm,albert,32,logistic_rule_regression,0.5613,66.0
tabm,albert,32,logistic_regression,0.5812,194.0
tabm,albert,32,decision_tree,0.5409,144.2
tabm,albert,256,ttnet,0.6008,968.6
tabm,albert,256,xgboost,0.6123,2796.4
tabm,albert,256,logistic_rule_regression,0.5904,89.2
tabm,albert,256,logistic_regression,0.609,194.0
tabm,albert,256,decision_tree,0.5503,192.2
tabm,albert,128,ttnet,0.6017,866.0
tabm,albert,128,xgboost,0.6232,1983.0
tabm,albert,128,logistic_rule_regression,0.5996,99.6
tabm,albert,128,logistic_regression,0.6195,194.0
tabm,albert,128,decision_tree,0.5618,178.2
tabm,blood,64,ttnet,0.7445,81.0
tabm,blood,64,xgboost,0.7342,6625.6
tabm,blood,64,logistic_rule_regression,0.7526,69.4
tabm,blood,64,logistic_regression,0.7652,8.0
tabm,blood,64,decision_tree,0.7084,475.0
tabm,blood,16,ttnet,0.7274,79.8
tabm,blood,16,xgboost,0.7389,2911.8
tabm,blood,16,logistic_rule_regression,0.7492,92.0
tabm,blood,16,logistic_regression,0.735,8.0
tabm,blood,16,decision_tree,0.6936,403.8
tabm,blood,4,ttnet,0.5804,78.4
tabm,blood,4,xgboost,0.6357,7058.8
tabm,blood,4,logistic_rule_regression,0.5972,51.0
tabm,blood,4,logistic_regression,0.6261,8.0
tabm,blood,4,decision_tree,0.5945,419.4
tabm,blood,8,ttnet,0.7218,73.6
tabm,blood,8,xgboost,0.7202,2666.6
tabm,blood,8,logistic_rule_regression,0.7347,66.8
tabm,blood,8,logistic_regression,0.7239,8.0
tabm,blood,8,decision_tree,0.6627,440.6
tabm,blood,32,ttnet,0.6866,64.0
tabm,blood,32,xgboost,0.6776,3806.4
tabm,blood,32,logistic_rule_regression,0.7134,77.2
tabm,blood,32,logistic_regression,0.7277,8.0
tabm,blood,32,decision_tree,0.6548,421.0
tabm,blood,256,ttnet,0.6547,63.8
tabm,blood,256,xgboost,0.737,14279.6
tabm,blood,256,logistic_rule_regression,0.6973,68.0
tabm,blood,256,logistic_regression,0.5981,8.0
tabm,blood,256,decision_tree,0.6781,643.0
tabm,blood,128,ttnet,0.7041,51.8
tabm,blood,128,xgboost,0.7587,8672.4
tabm,blood,128,logistic_rule_regression,0.7525,33.0
tabm,blood,128,logistic_regression,0.7207,8.0
tabm,blood,128,decision_tree,0.725,488.2
tabm,bank,64,ttnet,0.7944,517.4
tabm,bank,64,xgboost,0.8384,4325.0
tabm,bank,64,logistic_rule_regression,0.8417,123.4
tabm,bank,64,logistic_regression,0.8421,64.0
tabm,bank,64,decision_tree,0.809,391.4
tabm,bank,16,ttnet,0.7626,495.2
tabm,bank,16,xgboost,0.8116,1679.0
tabm,bank,16,logistic_rule_regression,0.8179,54.0
tabm,bank,16,logistic_regression,0.8225,64.0
tabm,bank,16,decision_tree,0.7651,252.6
tabm,bank,4,ttnet,0.572,523.0
tabm,bank,4,xgboost,0.6119,2493.2
tabm,bank,4,logistic_rule_regression,0.5992,74.4
tabm,bank,4,logistic_regression,0.6185,64.0
tabm,bank,4,decision_tree,0.5722,261.8
tabm,bank,8,ttnet,0.7022,498.8
tabm,bank,8,xgboost,0.7319,1898.8
tabm,bank,8,logistic_rule_regression,0.7169,45.0
tabm,bank,8,logistic_regression,0.7293,64.0
tabm,bank,8,decision_tree,0.6783,125.0
tabm,bank,32,ttnet,0.7927,529.6
tabm,bank,32,xgboost,0.8508,2262.8
tabm,bank,32,logistic_rule_regression,0.8601,69.0
tabm,bank,32,logistic_regression,0.8549,64.0
tabm,bank,32,decision_tree,0.8055,225.0
tabm,bank,256,ttnet,0.8108,517.2
tabm,bank,256,xgboost,0.8526,5070.8
tabm,bank,256,logistic_rule_regression,0.8581,131.0
tabm,bank,256,logistic_regression,0.8643,64.0
tabm,bank,256,decision_tree,0.812,437.8
tabm,bank,128,ttnet,0.7868,540.0
tabm,bank,128,xgboost,0.8275,4592.2
tabm,bank,128,logistic_rule_regression,0.8452,110.0
tabm,bank,128,logistic_regression,0.8434,64.0
tabm,bank,128,decision_tree,0.7847,477.8
tabm,eye_movements,64,ttnet,0.4995,621.6
tabm,eye_movements,64,xgboost,0.4902,1679.2
tabm,eye_movements,64,logistic_rule_regression,0.4848,83.4
tabm,eye_movements,64,logistic_regression,0.4954,46.0
tabm,eye_movements,64,decision_tree,0.5046,325.0
tabm,eye_movements,16,ttnet,0.5159,610.6
tabm,eye_movements,16,xgboost,0.5234,1689.6
tabm,eye_movements,16,logistic_rule_regression,0.5226,84.4
tabm,eye_movements,16,logistic_regression,0.5176,46.0
tabm,eye_movements,16,decision_tree,0.5185,275.4
tabm,eye_movements,4,ttnet,0.5146,655.2
tabm,eye_movements,4,xgboost,0.5391,1631.4
tabm,eye_movements,4,logistic_rule_regression,0.5421,112.0
tabm,eye_movements,4,logistic_regression,0.5378,46.0
tabm,eye_movements,4,decision_tree,0.536,174.6
tabm,eye_movements,8,ttnet,0.524,611.2
tabm,eye_movements,8,xgboost,0.5285,1860.6
tabm,eye_movements,8,logistic_rule_regression,0.5194,149.0
tabm,eye_movements,8,logistic_regression,0.5212,46.0
tabm,eye_movements,8,decision_tree,0.5148,377.0
tabm,eye_movements,32,ttnet,0.5028,646.4
tabm,eye_movements,32,xgboost,0.502,1858.4
tabm,eye_movements,32,logistic_rule_regression,0.4981,98.0
tabm,eye_movements,32,logistic_regression,0.4887,46.0
tabm,eye_movements,32,decision_tree,0.4869,355.0
tabm,eye_movements,256,ttnet,0.5223,619.4
tabm,eye_movements,256,xgboost,0.5512,11609.6
tabm,eye_movements,256,logistic_rule_regression,0.5335,80.0
tabm,eye_movements,256,logistic_regression,0.5325,46.0
tabm,eye_movements,256,decision_tree,0.5092,157.4
tabm,eye_movements,128,ttnet,0.5059,612.6
tabm,eye_movements,128,xgboost,0.5292,11062.8
tabm,eye_movements,128,logistic_rule_regression,0.5254,70.0
tabm,eye_movements,128,logistic_regression,0.51,46.0
tabm,eye_movements,128,decision_tree,0.5142,228.2
tabm,creditg,64,ttnet,0.7124,603.0
tabm,creditg,64,xgboost,0.727,2557.8
tabm,creditg,64,logistic_rule_regression,0.7149,106.0
tabm,creditg,64,logistic_regression,0.7252,96.0
tabm,creditg,64,decision_tree,0.6684,526.6
tabm,creditg,16,ttnet,0.5523,550.0
tabm,creditg,16,xgboost,0.537,1995.0
tabm,creditg,16,logistic_rule_regression,0.5534,97.6
tabm,creditg,16,logistic_regression,0.5386,96.0
tabm,creditg,16,decision_tree,0.5516,459.4
tabm,creditg,4,ttnet,0.4566,550.2
tabm,creditg,4,xgboost,0.4543,1197.4
tabm,creditg,4,logistic_rule_regression,0.4492,58.0
tabm,creditg,4,logistic_regression,0.454,96.0
tabm,creditg,4,decision_tree,0.4663,137.4
tabm,creditg,8,ttnet,0.5256,578.4
tabm,creditg,8,xgboost,0.5237,1720.2
tabm,creditg,8,logistic_rule_regression,0.5151,69.0
tabm,creditg,8,logistic_regression,0.5238,96.0
tabm,creditg,8,decision_tree,0.5193,310.6
tabm,creditg,32,ttnet,0.6438,573.2
tabm,creditg,32,xgboost,0.6374,3881.0
tabm,creditg,32,logistic_rule_regression,0.6325,135.0
tabm,creditg,32,logistic_regression,0.639,96.0
tabm,creditg,32,decision_tree,0.5843,634.6
tabm,creditg,256,ttnet,0.7586,551.2
tabm,creditg,256,xgboost,0.7997,4165.2
tabm,creditg,256,logistic_rule_regression,0.7802,131.0
tabm,creditg,256,logistic_regression,0.7802,96.0
tabm,creditg,256,decision_tree,0.7268,437.8
tabm,creditg,128,ttnet,0.7399,552.4
tabm,creditg,128,xgboost,0.767,4942.2
tabm,creditg,128,logistic_rule_regression,0.7668,171.0
tabm,creditg,128,logistic_regression,0.7528,96.0
tabm,creditg,128,decision_tree,0.7134,636.2
tabm,compas,64,ttnet,0.6008,391.2
tabm,compas,64,xgboost,0.5901,13427.0
tabm,compas,64,logistic_rule_regression,0.613,77.0
tabm,compas,64,logistic_regression,0.6166,22.0
tabm,compas,64,decision_tree,0.5675,781.8
tabm,compas,16,ttnet,0.6511,404.0
tabm,compas,16,xgboost,0.6731,6541.0
tabm,compas,16,logistic_rule_regression,0.695,66.0
tabm,compas,16,logistic_regression,0.6846,22.0
tabm,compas,16,decision_tree,0.6168,389.4
tabm,compas,4,ttnet,0.5937,375.8
tabm,compas,4,xgboost,0.5671,1580.2
tabm,compas,4,logistic_rule_regression,0.5796,85.0
tabm,compas,4,logistic_regression,0.5968,22.0
tabm,compas,4,decision_tree,0.5448,249.4
tabm,compas,8,ttnet,0.5971,333.6
tabm,compas,8,xgboost,0.5884,6422.6
tabm,compas,8,logistic_rule_regression,0.5943,76.0
tabm,compas,8,logistic_regression,0.6098,22.0
tabm,compas,8,decision_tree,0.5789,219.0
tabm,compas,32,ttnet,0.6469,345.8
tabm,compas,32,xgboost,0.6406,10217.6
tabm,compas,32,logistic_rule_regression,0.6755,44.4
tabm,compas,32,logistic_regression,0.6797,22.0
tabm,compas,32,decision_tree,0.6127,375.8
tabm,compas,256,ttnet,0.6647,357.2
tabm,compas,256,xgboost,0.662,8996.4
tabm,compas,256,logistic_rule_regression,0.6985,86.0
tabm,compas,256,logistic_regression,0.713,22.0
tabm,compas,256,decision_tree,0.6328,1042.6
tabm,compas,128,ttnet,0.598,399.2
tabm,compas,128,xgboost,0.6245,14886.8
tabm,compas,128,logistic_rule_regression,0.6806,69.0
tabm,compas,128,logistic_regression,0.72,22.0
tabm,compas,128,decision_tree,0.6195,841.0
tabm,electricity,64,ttnet,0.74,412.8
tabm,electricity,64,xgboost,0.7503,5511.8
tabm,electricity,64,logistic_rule_regression,0.7664,99.0
tabm,electricity,64,logistic_regression,0.7775,26.0
tabm,electricity,64,decision_tree,0.699,551.4
tabm,electricity,16,ttnet,0.7023,439.8
tabm,electricity,16,xgboost,0.702,7947.8
tabm,electricity,16,logistic_rule_regression,0.7495,88.0
tabm,electricity,16,logistic_regression,0.7471,26.0
tabm,electricity,16,decision_tree,0.6641,530.2
tabm,electricity,4,ttnet,0.6453,372.4
tabm,electricity,4,xgboost,0.6831,1027.0
tabm,electricity,4,logistic_rule_regression,0.6688,69.0
tabm,electricity,4,logistic_regression,0.6844,26.0
tabm,electricity,4,decision_tree,0.5988,188.6
tabm,electricity,8,ttnet,0.7145,460.0
tabm,electricity,8,xgboost,0.7096,1808.4
tabm,electricity,8,logistic_rule_regression,0.7105,73.0
tabm,electricity,8,logistic_regression,0.7175,26.0
tabm,electricity,8,decision_tree,0.6617,207.4
tabm,electricity,32,ttnet,0.7027,434.2
tabm,electricity,32,xgboost,0.724,6146.4
tabm,electricity,32,logistic_rule_regression,0.7387,93.8
tabm,electricity,32,logistic_regression,0.743,26.0
tabm,electricity,32,decision_tree,0.6743,467.8
tabm,electricity,256,ttnet,0.7586,436.6
tabm,electricity,256,xgboost,0.7987,6669.2
tabm,electricity,256,logistic_rule_regression,0.8083,83.0
tabm,electricity,256,logistic_regression,0.8055,26.0
tabm,electricity,256,decision_tree,0.7477,559.4
tabm,electricity,128,ttnet,0.713,449.0
tabm,electricity,128,xgboost,0.7392,9876.8
tabm,electricity,128,logistic_rule_regression,0.7667,106.0
tabm,electricity,128,logistic_regression,0.7587,26.0
tabm,electricity,128,decision_tree,0.7052,576.6
tabm,income,64,ttnet,0.8287,752.8
tabm,income,64,xgboost,0.8461,2179.4
tabm,income,64,logistic_rule_regression,0.8353,73.0
tabm,income,64,logistic_regression,0.8539,200.0
tabm,income,64,decision_tree,0.7831,383.4
tabm,income,16,ttnet,0.5369,809.4
tabm,income,16,xgboost,0.5113,5428.0
tabm,income,16,logistic_rule_regression,0.4986,77.0
tabm,income,16,logistic_regression,0.5292,200.0
tabm,income,16,decision_tree,0.5016,487.0
tabm,income,4,ttnet,0.6701,700.4
tabm,income,4,xgboost,0.6514,1872.0
tabm,income,4,logistic_rule_regression,0.6692,54.0
tabm,income,4,logistic_regression,0.6554,200.0
tabm,income,4,decision_tree,0.6162,345.0
tabm,income,8,ttnet,0.4389,651.2
tabm,income,8,xgboost,0.4468,1143.0
tabm,income,8,logistic_rule_regression,0.4213,40.0
tabm,income,8,logistic_regression,0.4389,200.0
tabm,income,8,decision_tree,0.4345,179.8
tabm,income,32,ttnet,0.8083,692.0
tabm,income,32,xgboost,0.7667,6377.8
tabm,income,32,logistic_rule_regression,0.7694,46.0
tabm,income,32,logistic_regression,0.8155,200.0
tabm,income,32,decision_tree,0.7071,473.0
tabm,income,256,ttnet,0.8643,726.6
tabm,income,256,xgboost,0.8709,2610.2
tabm,income,256,logistic_rule_regression,0.8697,68.0
tabm,income,256,logistic_regression,0.8806,200.0
tabm,income,256,decision_tree,0.8319,329.8
tabm,income,128,ttnet,0.8094,780.4
tabm,income,128,xgboost,0.8454,1832.8
tabm,income,128,logistic_rule_regression,0.8441,65.0
tabm,income,128,logistic_regression,0.8566,200.0
tabm,income,128,decision_tree,0.7965,369.4
tabm,diabetes,64,ttnet,0.6994,252.4
tabm,diabetes,64,xgboost,0.7457,7108.4
tabm,diabetes,64,logistic_rule_regression,0.7505,101.0
tabm,diabetes,64,logistic_regression,0.7505,16.0
tabm,diabetes,64,decision_tree,0.7052,506.6
tabm,diabetes,16,ttnet,0.6574,256.8
tabm,diabetes,16,xgboost,0.6839,3351.0
tabm,diabetes,16,logistic_rule_regression,0.6581,69.0
tabm,diabetes,16,logistic_regression,0.7088,16.0
tabm,diabetes,16,decision_tree,0.622,439.0
tabm,diabetes,4,ttnet,0.7371,181.6
tabm,diabetes,4,xgboost,0.7743,1799.6
tabm,diabetes,4,logistic_rule_regression,0.7612,135.0
tabm,diabetes,4,logistic_regression,0.7721,16.0
tabm,diabetes,4,decision_tree,0.7051,378.6
tabm,diabetes,8,ttnet,0.7227,282.2
tabm,diabetes,8,xgboost,0.7558,1581.6
tabm,diabetes,8,logistic_rule_regression,0.7422,86.0
tabm,diabetes,8,logistic_regression,0.7446,16.0
tabm,diabetes,8,decision_tree,0.6995,313.4
tabm,diabetes,32,ttnet,0.7455,257.6
tabm,diabetes,32,xgboost,0.7493,7986.2
tabm,diabetes,32,logistic_rule_regression,0.7627,107.0
tabm,diabetes,32,logistic_regression,0.7816,16.0
tabm,diabetes,32,decision_tree,0.7019,443.8
tabm,diabetes,256,ttnet,0.7888,258.2
tabm,diabetes,256,xgboost,0.8377,8889.6
tabm,diabetes,256,logistic_rule_regression,0.8271,105.0
tabm,diabetes,256,logistic_regression,0.8356,16.0
tabm,diabetes,256,decision_tree,0.7778,497.8
tabm,diabetes,128,ttnet,0.7532,235.8
tabm,diabetes,128,xgboost,0.7923,10734.2
tabm,diabetes,128,logistic_rule_regression,0.7765,96.0
tabm,diabetes,128,logistic_regression,0.8025,16.0
tabm,diabetes,128,decision_tree,0.7276,590.2
tabm,covertype,64,ttnet,0.7546,605.6
tabm,covertype,64,xgboost,0.7793,3219.0
tabm,covertype,64,logistic_rule_regression,0.7843,74.2
tabm,covertype,64,logistic_regression,0.7998,98.0
tabm,covertype,64,decision_tree,0.7652,201.4
tabm,covertype,16,ttnet,0.7417,580.0
tabm,covertype,16,xgboost,0.7638,1818.2
tabm,covertype,16,logistic_rule_regression,0.7616,70.0
tabm,covertype,16,logistic_regression,0.7639,98.0
tabm,covertype,16,decision_tree,0.7058,306.6
tabm,covertype,4,ttnet,0.7072,558.2
tabm,covertype,4,xgboost,0.7026,1357.0
tabm,covertype,4,logistic_rule_regression,0.6964,79.0
tabm,covertype,4,logistic_regression,0.7097,98.0
tabm,covertype,4,decision_tree,0.6472,312.2
tabm,covertype,8,ttnet,0.7481,545.6
tabm,covertype,8,xgboost,0.8009,1744.8
tabm,covertype,8,logistic_rule_regression,0.7982,48.0
tabm,covertype,8,logistic_regression,0.8062,98.0
tabm,covertype,8,decision_tree,0.7541,133.0
tabm,covertype,32,ttnet,0.7096,570.2
tabm,covertype,32,xgboost,0.7445,4475.8
tabm,covertype,32,logistic_rule_regression,0.7422,90.0
tabm,covertype,32,logistic_regression,0.7346,98.0
tabm,covertype,32,decision_tree,0.7094,401.4
tabm,covertype,256,ttnet,0.7647,555.2
tabm,covertype,256,xgboost,0.8189,3327.4
tabm,covertype,256,logistic_rule_regression,0.8097,76.0
tabm,covertype,256,logistic_regression,0.8115,98.0
tabm,covertype,256,decision_tree,0.7756,256.2
tabm,covertype,128,ttnet,0.7655,627.8
tabm,covertype,128,xgboost,0.8092,3773.0
tabm,covertype,128,logistic_rule_regression,0.8107,91.8
tabm,covertype,128,logistic_regression,0.8111,98.0
tabm,covertype,128,decision_tree,0.7757,229.8
tabm,credit_card_default,64,ttnet,0.7074,597.6
tabm,credit_card_default,64,xgboost,0.7208,1074.6
tabm,credit_card_default,64,logistic_rule_regression,0.7002,99.0
tabm,credit_card_default,64,logistic_regression,0.6796,42.0
tabm,credit_card_default,64,decision_tree,0.6851,248.6
tabm,credit_card_default,16,ttnet,0.6486,634.2
tabm,credit_card_default,16,xgboost,0.6576,1942.6
tabm,credit_card_default,16,logistic_rule_regression,0.6441,110.0
tabm,credit_card_default,16,logistic_regression,0.6738,42.0
tabm,credit_card_default,16,decision_tree,0.6263,413.0
tabm,credit_card_default,4,ttnet,0.627,574.2
tabm,credit_card_default,4,xgboost,0.6634,1316.0
tabm,credit_card_default,4,logistic_rule_regression,0.6685,122.0
tabm,credit_card_default,4,logistic_regression,0.6667,42.0
tabm,credit_card_default,4,decision_tree,0.6305,329.4
tabm,credit_card_default,8,ttnet,0.7111,554.8
tabm,credit_card_default,8,xgboost,0.6919,1623.6
tabm,credit_card_default,8,logistic_rule_regression,0.6913,74.6
tabm,credit_card_default,8,logistic_regression,0.6993,42.0
tabm,credit_card_default,8,decision_tree,0.6889,345.4
tabm,credit_card_default,32,ttnet,0.6903,595.4
tabm,credit_card_default,32,xgboost,0.6968,1185.8
tabm,credit_card_default,32,logistic_rule_regression,0.6809,142.0
tabm,credit_card_default,32,logistic_regression,0.6936,42.0
tabm,credit_card_default,32,decision_tree,0.637,429.4
tabm,credit_card_default,256,ttnet,0.699,607.2
tabm,credit_card_default,256,xgboost,0.7244,4359.8
tabm,credit_card_default,256,logistic_rule_regression,0.6776,106.0
tabm,credit_card_default,256,logistic_regression,0.6753,42.0
tabm,credit_card_default,256,decision_tree,0.6789,304.2
tabm,credit_card_default,128,ttnet,0.6964,625.4
tabm,credit_card_default,128,xgboost,0.7353,3275.4
tabm,credit_card_default,128,logistic_rule_regression,0.7089,119.0
tabm,credit_card_default,128,logistic_regression,0.6985,42.0
tabm,credit_card_default,128,decision_tree,0.6811,363.0
tabm,jungle,64,ttnet,0.7313,280.4
tabm,jungle,64,xgboost,0.7704,24806.4
tabm,jungle,64,logistic_rule_regression,0.7664,87.0
tabm,jungle,64,logistic_regression,0.7323,12.0
tabm,jungle,64,decision_tree,0.6966,881.0
tabm,jungle,16,ttnet,0.4132,175.4
tabm,jungle,16,xgboost,0.5549,10489.4
tabm,jungle,16,logistic_rule_regression,0.5493,58.0
tabm,jungle,16,logistic_regression,0.4169,12.0
tabm,jungle,16,decision_tree,0.525,459.8
tabm,jungle,4,ttnet,0.5094,226.6
tabm,jungle,4,xgboost,0.532,20959.2
tabm,jungle,4,logistic_rule_regression,0.5829,54.4
tabm,jungle,4,logistic_regression,0.5437,12.0
tabm,jungle,4,decision_tree,0.528,391.4
tabm,jungle,8,ttnet,0.4542,237.4
tabm,jungle,8,xgboost,0.4759,5534.4
tabm,jungle,8,logistic_rule_regression,0.4425,79.0
tabm,jungle,8,logistic_regression,0.4474,12.0
tabm,jungle,8,decision_tree,0.4697,251.0
tabm,jungle,32,ttnet,0.7046,278.4
tabm,jungle,32,xgboost,0.7365,19477.0
tabm,jungle,32,logistic_rule_regression,0.7436,90.0
tabm,jungle,32,logistic_regression,0.7204,12.0
tabm,jungle,32,decision_tree,0.6715,825.0
tabm,jungle,256,ttnet,0.7785,275.0
tabm,jungle,256,xgboost,0.8614,27598.2
tabm,jungle,256,logistic_rule_regression,0.8581,99.0
tabm,jungle,256,logistic_regression,0.7875,12.0
tabm,jungle,256,decision_tree,0.7722,875.8
tabm,jungle,128,ttnet,0.7537,273.0
tabm,jungle,128,xgboost,0.8381,34462.8
tabm,jungle,128,logistic_rule_regression,0.8471,66.0
tabm,jungle,128,logistic_regression,0.7697,12.0
tabm,jungle,128,decision_tree,0.7444,891.8
tabm,heart,64,ttnet,0.8407,443.0
tabm,heart,64,xgboost,0.854,16796.2
tabm,heart,64,logistic_rule_regression,0.8923,74.2
tabm,heart,64,logistic_regression,0.8688,30.0
tabm,heart,64,decision_tree,0.7929,657.8
tabm,heart,16,ttnet,0.7874,424.4
tabm,heart,16,xgboost,0.8141,1808.0
tabm,heart,16,logistic_rule_regression,0.8105,85.0
tabm,heart,16,logistic_regression,0.8132,30.0
tabm,heart,16,decision_tree,0.7149,349.8
tabm,heart,4,ttnet,0.7779,422.0
tabm,heart,4,xgboost,0.8441,1480.6
tabm,heart,4,logistic_rule_regression,0.8078,43.0
tabm,heart,4,logistic_regression,0.8157,30.0
tabm,heart,4,decision_tree,0.734,161.8
tabm,heart,8,ttnet,0.8768,422.8
tabm,heart,8,xgboost,0.8882,2507.4
tabm,heart,8,logistic_rule_regression,0.8774,72.0
tabm,heart,8,logistic_regression,0.8885,30.0
tabm,heart,8,decision_tree,0.8108,408.6
tabm,heart,32,ttnet,0.8256,413.4
tabm,heart,32,xgboost,0.8235,8563.4
tabm,heart,32,logistic_rule_regression,0.8457,67.0
tabm,heart,32,logistic_regression,0.8255,30.0
tabm,heart,32,decision_tree,0.7639,521.8
tabm,heart,256,ttnet,0.9011,443.6
tabm,heart,256,xgboost,0.9161,6399.8
tabm,heart,256,logistic_rule_regression,0.9044,63.0
tabm,heart,256,logistic_regression,0.9011,30.0
tabm,heart,256,decision_tree,0.8566,211.8
tabm,heart,128,ttnet,0.8617,395.8
tabm,heart,128,xgboost,0.8823,7291.6
tabm,heart,128,logistic_rule_regression,0.8831,77.0
tabm,heart,128,logistic_regression,0.858,30.0
tabm,heart,128,decision_tree,0.8206,535.8
tabm,road_safety,64,ttnet,0.7005,697.2
tabm,road_safety,64,xgboost,0.7154,2333.8
tabm,road_safety,64,logistic_rule_regression,0.7091,122.0
tabm,road_safety,64,logistic_regression,0.6806,64.0
tabm,road_safety,64,decision_tree,0.687,312.6
tabm,road_safety,16,ttnet,0.5422,738.8
tabm,road_safety,16,xgboost,0.5222,1867.6
tabm,road_safety,16,logistic_rule_regression,0.5167,137.0
tabm,road_safety,16,logistic_regression,0.5231,64.0
tabm,road_safety,16,decision_tree,0.5171,358.6
tabm,road_safety,4,ttnet,0.5343,765.2
tabm,road_safety,4,xgboost,0.526,2079.4
tabm,road_safety,4,logistic_rule_regression,0.535,114.0
tabm,road_safety,4,logistic_regression,0.5225,64.0
tabm,road_safety,4,decision_tree,0.5233,368.2
tabm,road_safety,8,ttnet,0.5175,746.8
tabm,road_safety,8,xgboost,0.4946,1831.8
tabm,road_safety,8,logistic_rule_regression,0.4948,121.6
tabm,road_safety,8,logistic_regression,0.489,64.0
tabm,road_safety,8,decision_tree,0.4904,429.4
tabm,road_safety,32,ttnet,0.685,666.0
tabm,road_safety,32,xgboost,0.675,1473.6
tabm,road_safety,32,logistic_rule_regression,0.6803,101.0
tabm,road_safety,32,logistic_regression,0.6672,64.0
tabm,road_safety,32,decision_tree,0.6682,216.6
tabm,road_safety,256,ttnet,0.7351,667.6
tabm,road_safety,256,xgboost,0.7325,4496.2
tabm,road_safety,256,logistic_rule_regression,0.7235,88.4
tabm,road_safety,256,logistic_regression,0.6971,64.0
tabm,road_safety,256,decision_tree,0.7133,181.4
tabm,road_safety,128,ttnet,0.6865,698.2
tabm,road_safety,128,xgboost,0.7121,2719.4
tabm,road_safety,128,logistic_rule_regression,0.6892,113.0
tabm,road_safety,128,logistic_regression,0.6664,64.0
tabm,road_safety,128,decision_tree,0.684,291.4
tabm,calhousing,64,ttnet,0.8185,155.8
tabm,calhousing,64,xgboost,0.8559,3898.0
tabm,calhousing,64,logistic_rule_regression,0.8465,96.0
tabm,calhousing,64,logistic_regression,0.859,16.0
tabm,calhousing,64,decision_tree,0.7794,317.8
tabm,calhousing,16,ttnet,0.794,214.6
tabm,calhousing,16,xgboost,0.7617,2052.8
tabm,calhousing,16,logistic_rule_regression,0.7688,92.0
tabm,calhousing,16,logistic_regression,0.7583,16.0
tabm,calhousing,16,decision_tree,0.7129,293.8
tabm,calhousing,4,ttnet,0.5461,118.0
tabm,calhousing,4,xgboost,0.5811,662.2
tabm,calhousing,4,logistic_rule_regression,0.5477,33.0
tabm,calhousing,4,logistic_regression,0.561,16.0
tabm,calhousing,4,decision_tree,0.5287,100.2
tabm,calhousing,8,ttnet,0.8125,119.6
tabm,calhousing,8,xgboost,0.7846,1549.8
tabm,calhousing,8,logistic_rule_regression,0.7969,86.0
tabm,calhousing,8,logistic_regression,0.7932,16.0
tabm,calhousing,8,decision_tree,0.6971,408.2
tabm,calhousing,32,ttnet,0.788,223.2
tabm,calhousing,32,xgboost,0.8165,2114.6
tabm,calhousing,32,logistic_rule_regression,0.8277,84.0
tabm,calhousing,32,logistic_regression,0.8177,16.0
tabm,calhousing,32,decision_tree,0.7675,434.2
tabm,calhousing,256,ttnet,0.8378,132.2
tabm,calhousing,256,xgboost,0.8962,2484.2
tabm,calhousing,256,logistic_rule_regression,0.8765,104.2
tabm,calhousing,256,logistic_regression,0.9124,16.0
tabm,calhousing,256,decision_tree,0.7626,434.2
tabm,calhousing,128,ttnet,0.8247,141.0
tabm,calhousing,128,xgboost,0.8763,3910.8
tabm,calhousing,128,logistic_rule_regression,0.8656,85.0
tabm,calhousing,128,logistic_regression,0.8876,16.0
tabm,calhousing,128,decision_tree,0.8099,289.8
carte,albert,64,ttnet,0.5,-1.0
carte,albert,64,xgboost,0.5,-1.0
carte,albert,64,logistic_rule_regression,0.5,-1.0
carte,albert,64,logistic_regression,0.5,-1.0
carte,albert,64,decision_tree,0.5,-1.0
carte,albert,16,ttnet,0.4727,888.4
carte,albert,16,xgboost,0.4505,3746.8
carte,albert,16,logistic_rule_regression,0.454,82.4
carte,albert,16,logistic_regression,0.4624,194.0
carte,albert,16,decision_tree,0.4805,368.2
carte,albert,8,ttnet,0.5057,815.8
carte,albert,8,xgboost,0.4538,5357.4
carte,albert,8,logistic_rule_regression,0.508,16.0
carte,albert,8,logistic_regression,0.4653,194.0
carte,albert,8,decision_tree,0.4953,46.2
carte,albert,32,ttnet,0.5,-1.0
carte,albert,32,xgboost,0.5,-1.0
carte,albert,32,logistic_rule_regression,0.5,-1.0
carte,albert,32,logistic_regression,0.5,-1.0
carte,albert,32,decision_tree,0.5,-1.0
carte,albert,256,ttnet,0.6258,923.8
carte,albert,256,xgboost,0.6532,9376.2
carte,albert,256,logistic_rule_regression,0.6464,73.0
carte,albert,256,logistic_regression,0.645,194.0
carte,albert,256,decision_tree,0.6269,319.8
carte,albert,128,ttnet,0.5,-1.0
carte,albert,128,xgboost,0.5,-1.0
carte,albert,128,logistic_rule_regression,0.5,-1.0
carte,albert,128,logistic_regression,0.5,-1.0
carte,albert,128,decision_tree,0.5,-1.0
carte,blood,64,ttnet,0.7136,58.8
carte,blood,64,xgboost,0.7407,5842.2
carte,blood,64,logistic_rule_regression,0.7494,62.0
carte,blood,64,logistic_regression,0.7178,8.0
carte,blood,64,decision_tree,0.6921,425.0
carte,blood,16,ttnet,0.6192,77.0
carte,blood,16,xgboost,0.6423,1299.8
carte,blood,16,logistic_rule_regression,0.6499,78.0
carte,blood,16,logistic_regression,0.6553,8.0
carte,blood,16,decision_tree,0.6106,237.0
carte,blood,8,ttnet,0.5245,66.8
carte,blood,8,xgboost,0.5452,2827.4
carte,blood,8,logistic_rule_regression,0.5771,59.0
carte,blood,8,logistic_regression,0.5474,8.0
carte,blood,8,decision_tree,0.5589,235.4
carte,blood,32,ttnet,0.7229,71.6
carte,blood,32,xgboost,0.7022,3655.2
carte,blood,32,logistic_rule_regression,0.6891,72.0
carte,blood,32,logistic_regression,0.7209,8.0
carte,blood,32,decision_tree,0.6596,269.0
carte,blood,256,ttnet,0.6295,61.2
carte,blood,256,xgboost,0.7141,8289.8
carte,blood,256,logistic_rule_regression,0.7248,56.0
carte,blood,256,logistic_regression,0.6337,8.0
carte,blood,256,decision_tree,0.6916,639.4
carte,blood,128,ttnet,0.7057,56.2
carte,blood,128,xgboost,0.7246,18341.0
carte,blood,128,logistic_rule_regression,0.7223,53.0
carte,blood,128,logistic_regression,0.764,8.0
carte,blood,128,decision_tree,0.6748,363.4
carte,bank,64,ttnet,0.7994,584.4
carte,bank,64,xgboost,0.8613,5381.2
carte,bank,64,logistic_rule_regression,0.8546,76.0
carte,bank,64,logistic_regression,0.8655,64.0
carte,bank,64,decision_tree,0.8016,209.8
carte,bank,16,ttnet,0.5,-1.0
carte,bank,16,xgboost,0.5,-1.0
carte,bank,16,logistic_rule_regression,0.5,-1.0
carte,bank,16,logistic_regression,0.5,-1.0
carte,bank,16,decision_tree,0.5,-1.0
carte,bank,8,ttnet,0.5,-1.0
carte,bank,8,xgboost,0.5,-1.0
carte,bank,8,logistic_rule_regression,0.5,-1.0
carte,bank,8,logistic_regression,0.5,-1.0
carte,bank,8,decision_tree,0.5,-1.0
carte,bank,32,ttnet,0.5,-1.0
carte,bank,32,xgboost,0.5,-1.0
carte,bank,32,logistic_rule_regression,0.5,-1.0
carte,bank,32,logistic_regression,0.5,-1.0
carte,bank,32,decision_tree,0.5,-1.0
carte,bank,256,ttnet,0.8292,485.2
carte,bank,256,xgboost,0.8564,2628.6
carte,bank,256,logistic_rule_regression,0.8621,43.8
carte,bank,256,logistic_regression,0.8753,64.0
carte,bank,256,decision_tree,0.7976,198.6
carte,bank,128,ttnet,0.7695,533.4
carte,bank,128,xgboost,0.7909,6445.8
carte,bank,128,logistic_rule_regression,0.8147,66.0
carte,bank,128,logistic_regression,0.8431,64.0
carte,bank,128,decision_tree,0.7344,349.8
carte,eye_movements,64,ttnet,0.4783,569.4
carte,eye_movements,64,xgboost,0.514,5001.0
carte,eye_movements,64,logistic_rule_regression,0.4885,25.0
carte,eye_movements,64,logistic_regression,0.4768,46.0
carte,eye_movements,64,decision_tree,0.5164,142.6
carte,eye_movements,16,ttnet,0.4872,629.4
carte,eye_movements,16,xgboost,0.4912,3542.2
carte,eye_movements,16,logistic_rule_regression,0.4937,13.0
carte,eye_movements,16,logistic_regression,0.4836,46.0
carte,eye_movements,16,decision_tree,0.5024,11.8
carte,eye_movements,8,ttnet,0.4839,632.2
carte,eye_movements,8,xgboost,0.5548,605.6
carte,eye_movements,8,logistic_rule_regression,0.5347,28.0
carte,eye_movements,8,logistic_regression,0.5407,46.0
carte,eye_movements,8,decision_tree,0.5487,183.0
carte,eye_movements,32,ttnet,0.5,-1.0
carte,eye_movements,32,xgboost,0.5,-1.0
carte,eye_movements,32,logistic_rule_regression,0.5,-1.0
carte,eye_movements,32,logistic_regression,0.5,-1.0
carte,eye_movements,32,decision_tree,0.5,-1.0
carte,eye_movements,256,ttnet,0.4873,539.0
carte,eye_movements,256,xgboost,0.5755,1968.8
carte,eye_movements,256,logistic_rule_regression,0.5153,31.0
carte,eye_movements,256,logistic_regression,0.5391,46.0
carte,eye_movements,256,decision_tree,0.5545,147.0
carte,eye_movements,128,ttnet,0.5088,647.4
carte,eye_movements,128,xgboost,0.5159,20087.6
carte,eye_movements,128,logistic_rule_regression,0.5242,51.0
carte,eye_movements,128,logistic_regression,0.5228,46.0
carte,eye_movements,128,decision_tree,0.5085,151.0
carte,creditg,64,ttnet,0.7068,564.2
carte,creditg,64,xgboost,0.699,12101.4
carte,creditg,64,logistic_rule_regression,0.709,42.0
carte,creditg,64,logistic_regression,0.6782,96.0
carte,creditg,64,decision_tree,0.6621,328.6
carte,creditg,16,ttnet,0.5,-1.0
carte,creditg,16,xgboost,0.5,-1.0
carte,creditg,16,logistic_rule_regression,0.5,-1.0
carte,creditg,16,logistic_regression,0.5,-1.0
carte,creditg,16,decision_tree,0.5,-1.0
carte,creditg,8,ttnet,0.4737,560.6
carte,creditg,8,xgboost,0.5,1496.0
carte,creditg,8,logistic_rule_regression,0.4616,14.0
carte,creditg,8,logistic_regression,0.5085,96.0
carte,creditg,8,decision_tree,0.4826,53.4
carte,creditg,32,ttnet,0.5534,538.4
carte,creditg,32,xgboost,0.5237,6469.2
carte,creditg,32,logistic_rule_regression,0.5421,35.0
carte,creditg,32,logistic_regression,0.5695,96.0
carte,creditg,32,decision_tree,0.5328,200.2
carte,creditg,256,ttnet,0.6975,522.4
carte,creditg,256,xgboost,0.7362,1775.0
carte,creditg,256,logistic_rule_regression,0.7438,24.0
carte,creditg,256,logistic_regression,0.6856,96.0
carte,creditg,256,decision_tree,0.6948,77.0
carte,creditg,128,ttnet,0.6693,598.0
carte,creditg,128,xgboost,0.6784,1972.4
carte,creditg,128,logistic_rule_regression,0.6585,37.0
carte,creditg,128,logistic_regression,0.6037,96.0
carte,creditg,128,decision_tree,0.6452,233.0
carte,compas,64,ttnet,0.5555,397.2
carte,compas,64,xgboost,0.4753,75.2
carte,compas,64,logistic_rule_regression,0.5,0.0
carte,compas,64,logistic_regression,0.5808,22.0
carte,compas,64,decision_tree,0.5056,16.2
carte,compas,16,ttnet,0.5468,394.2
carte,compas,16,xgboost,0.5664,598.6
carte,compas,16,logistic_rule_regression,0.5235,14.0
carte,compas,16,logistic_regression,0.5519,22.0
carte,compas,16,decision_tree,0.5116,58.2
carte,compas,8,ttnet,0.5483,349.2
carte,compas,8,xgboost,0.5507,5184.8
carte,compas,8,logistic_rule_regression,0.5992,25.0
carte,compas,8,logistic_regression,0.5889,22.0
carte,compas,8,decision_tree,0.5396,185.4
carte,compas,32,ttnet,0.5,-1.0
carte,compas,32,xgboost,0.5,-1.0
carte,compas,32,logistic_rule_regression,0.5,-1.0
carte,compas,32,logistic_regression,0.5,-1.0
carte,compas,32,decision_tree,0.5,-1.0
carte,compas,256,ttnet,0.6811,395.8
carte,compas,256,xgboost,0.6994,5033.6
carte,compas,256,logistic_rule_regression,0.7027,53.0
carte,compas,256,logistic_regression,0.703,22.0
carte,compas,256,decision_tree,0.6644,196.2
carte,compas,128,ttnet,0.6559,368.8
carte,compas,128,xgboost,0.6665,6272.6
carte,compas,128,logistic_rule_regression,0.6679,52.0
carte,compas,128,logistic_regression,0.6718,22.0
carte,compas,128,decision_tree,0.6018,513.4
carte,electricity,64,ttnet,0.7587,418.2
carte,electricity,64,xgboost,0.7569,10899.6
carte,electricity,64,logistic_rule_regression,0.7662,43.0
carte,electricity,64,logistic_regression,0.7906,26.0
carte,electricity,64,decision_tree,0.7302,357.8
carte,electricity,16,ttnet,0.5,-1.0
carte,electricity,16,xgboost,0.5,-1.0
carte,electricity,16,logistic_rule_regression,0.5,-1.0
carte,electricity,16,logistic_regression,0.5,-1.0
carte,electricity,16,decision_tree,0.5,-1.0
carte,electricity,8,ttnet,0.5545,437.4
carte,electricity,8,xgboost,0.7114,1530.6
carte,electricity,8,logistic_rule_regression,0.6971,33.0
carte,electricity,8,logistic_regression,0.7412,26.0
carte,electricity,8,decision_tree,0.5865,73.4
carte,electricity,32,ttnet,0.5,-1.0
carte,electricity,32,xgboost,0.5,-1.0
carte,electricity,32,logistic_rule_regression,0.5,-1.0
carte,electricity,32,logistic_regression,0.5,-1.0
carte,electricity,32,decision_tree,0.5,-1.0
carte,electricity,256,ttnet,0.7763,478.8
carte,electricity,256,xgboost,0.7932,9878.2
carte,electricity,256,logistic_rule_regression,0.8042,82.0
carte,electricity,256,logistic_regression,0.7956,26.0
carte,electricity,256,decision_tree,0.7428,356.2
carte,electricity,128,ttnet,0.7699,414.4
carte,electricity,128,xgboost,0.7555,6200.0
carte,electricity,128,logistic_rule_regression,0.7791,29.0
carte,electricity,128,logistic_regression,0.7876,26.0
carte,electricity,128,decision_tree,0.741,292.6
carte,income,64,ttnet,0.7638,698.8
carte,income,64,xgboost,0.7759,3960.4
carte,income,64,logistic_rule_regression,0.7838,44.0
carte,income,64,logistic_regression,0.8038,200.0
carte,income,64,decision_tree,0.7121,174.6
carte,income,16,ttnet,0.5,-1.0
carte,income,16,xgboost,0.5,-1.0
carte,income,16,logistic_rule_regression,0.5,-1.0
carte,income,16,logistic_regression,0.5,-1.0
carte,income,16,decision_tree,0.5,-1.0
carte,income,8,ttnet,0.5,-1.0
carte,income,8,xgboost,0.5,-1.0
carte,income,8,logistic_rule_regression,0.5,-1.0
carte,income,8,logistic_regression,0.5,-1.0
carte,income,8,decision_tree,0.5,-1.0
carte,income,32,ttnet,0.3895,792.2
carte,income,32,xgboost,0.3678,1876.8
carte,income,32,logistic_rule_regression,0.345,50.0
carte,income,32,logistic_regression,0.3841,200.0
carte,income,32,decision_tree,0.4335,318.6
carte,income,256,ttnet,0.8366,683.8
carte,income,256,xgboost,0.8691,883.8
carte,income,256,logistic_rule_regression,0.85,40.0
carte,income,256,logistic_regression,0.8683,200.0
carte,income,256,decision_tree,0.7476,93.4
carte,income,128,ttnet,0.8493,640.6
carte,income,128,xgboost,0.846,6130.6
carte,income,128,logistic_rule_regression,0.853,58.0
carte,income,128,logistic_regression,0.8716,200.0
carte,income,128,decision_tree,0.7519,160.6
carte,diabetes,64,ttnet,0.6643,231.4
carte,diabetes,64,xgboost,0.7101,6910.0
carte,diabetes,64,logistic_rule_regression,0.7084,86.0
carte,diabetes,64,logistic_regression,0.703,16.0
carte,diabetes,64,decision_tree,0.624,284.2
carte,diabetes,16,ttnet,0.5376,249.6
carte,diabetes,16,xgboost,0.6155,10846.4
carte,diabetes,16,logistic_rule_regression,0.607,108.4
carte,diabetes,16,logistic_regression,0.6258,16.0
carte,diabetes,16,decision_tree,0.5794,418.6
carte,diabetes,8,ttnet,0.3595,263.0
carte,diabetes,8,xgboost,0.5818,6931.6
carte,diabetes,8,logistic_rule_regression,0.385,24.0
carte,diabetes,8,logistic_regression,0.3348,16.0
carte,diabetes,8,decision_tree,0.487,128.2
carte,diabetes,32,ttnet,0.5819,186.4
carte,diabetes,32,xgboost,0.5147,8573.0
carte,diabetes,32,logistic_rule_regression,0.4823,99.0
carte,diabetes,32,logistic_regression,0.58,16.0
carte,diabetes,32,decision_tree,0.4641,340.6
carte,diabetes,256,ttnet,0.7697,261.4
carte,diabetes,256,xgboost,0.8096,7615.2
carte,diabetes,256,logistic_rule_regression,0.7953,89.0
carte,diabetes,256,logistic_regression,0.8022,16.0
carte,diabetes,256,decision_tree,0.7557,485.0
carte,diabetes,128,ttnet,0.7571,241.4
carte,diabetes,128,xgboost,0.747,12269.6
carte,diabetes,128,logistic_rule_regression,0.7403,45.0
carte,diabetes,128,logistic_regression,0.7751,16.0
carte,diabetes,128,decision_tree,0.6789,268.2
carte,covertype,64,ttnet,0.7446,568.8
carte,covertype,64,xgboost,0.7588,1842.2
carte,covertype,64,logistic_rule_regression,0.7664,55.0
carte,covertype,64,logistic_regression,0.7384,98.0
carte,covertype,64,decision_tree,0.684,198.6
carte,covertype,16,ttnet,0.5,-1.0
carte,covertype,16,xgboost,0.5,-1.0
carte,covertype,16,logistic_rule_regression,0.5,-1.0
carte,covertype,16,logistic_regression,0.5,-1.0
carte,covertype,16,decision_tree,0.5,-1.0
carte,covertype,8,ttnet,0.4213,622.8
carte,covertype,8,xgboost,0.4428,2566.2
carte,covertype,8,logistic_rule_regression,0.43,106.0
carte,covertype,8,logistic_regression,0.4276,98.0
carte,covertype,8,decision_tree,0.4652,532.2
carte,covertype,32,ttnet,0.5,-1.0
carte,covertype,32,xgboost,0.5,-1.0
carte,covertype,32,logistic_rule_regression,0.5,-1.0
carte,covertype,32,logistic_regression,0.5,-1.0
carte,covertype,32,decision_tree,0.5,-1.0
carte,covertype,256,ttnet,0.7616,525.8
carte,covertype,256,xgboost,0.793,7690.4
carte,covertype,256,logistic_rule_regression,0.8015,45.8
carte,covertype,256,logistic_regression,0.8181,98.0
carte,covertype,256,decision_tree,0.7642,207.0
carte,covertype,128,ttnet,0.7426,542.6
carte,covertype,128,xgboost,0.7493,2576.8
carte,covertype,128,logistic_rule_regression,0.7638,17.2
carte,covertype,128,logistic_regression,0.7994,98.0
carte,covertype,128,decision_tree,0.7278,167.0
carte,credit_card_default,64,ttnet,0.571,443.0
carte,credit_card_default,64,xgboost,0.6398,193.4
carte,credit_card_default,64,logistic_rule_regression,0.4112,58.0
carte,credit_card_default,64,logistic_regression,0.5804,42.0
carte,credit_card_default,64,decision_tree,0.6553,43.4
carte,credit_card_default,16,ttnet,0.4816,454.0
carte,credit_card_default,16,xgboost,0.4738,112.8
carte,credit_card_default,16,logistic_rule_regression,0.5,0.0
carte,credit_card_default,16,logistic_regression,0.5647,42.0
carte,credit_card_default,16,decision_tree,0.4788,37.4
carte,credit_card_default,8,ttnet,0.5,-1.0
carte,credit_card_default,8,xgboost,0.5,-1.0
carte,credit_card_default,8,logistic_rule_regression,0.5,-1.0
carte,credit_card_default,8,logistic_regression,0.5,-1.0
carte,credit_card_default,8,decision_tree,0.5,-1.0
carte,credit_card_default,32,ttnet,0.5717,567.0
carte,credit_card_default,32,xgboost,0.5936,2373.2
carte,credit_card_default,32,logistic_rule_regression,0.6133,61.0
carte,credit_card_default,32,logistic_regression,0.6003,42.0
carte,credit_card_default,32,decision_tree,0.5197,13.0
carte,credit_card_default,256,ttnet,0.5648,525.0
carte,credit_card_default,256,xgboost,0.5977,1791.4
carte,credit_card_default,256,logistic_rule_regression,0.5,0.0
carte,credit_card_default,256,logistic_regression,0.6983,42.0
carte,credit_card_default,256,decision_tree,0.5064,13.4
carte,credit_card_default,128,ttnet,0.5413,530.8
carte,credit_card_default,128,xgboost,0.5971,3678.0
carte,credit_card_default,128,logistic_rule_regression,0.578,26.0
carte,credit_card_default,128,logistic_regression,0.6564,42.0
carte,credit_card_default,128,decision_tree,0.5162,22.6
carte,jungle,64,ttnet,0.6774,281.4
carte,jungle,64,xgboost,0.6941,10078.6
carte,jungle,64,logistic_rule_regression,0.708,75.0
carte,jungle,64,logistic_regression,0.6909,12.0
carte,jungle,64,decision_tree,0.6494,355.8
carte,jungle,16,ttnet,0.4651,284.2
carte,jungle,16,xgboost,0.5149,3605.8
carte,jungle,16,logistic_rule_regression,0.5,0.0
carte,jungle,16,logistic_regression,0.3508,12.0
carte,jungle,16,decision_tree,0.4996,41.0
carte,jungle,8,ttnet,0.5425,218.2
carte,jungle,8,xgboost,0.5618,9393.4
carte,jungle,8,logistic_rule_regression,0.5195,81.2
carte,jungle,8,logistic_regression,0.553,12.0
carte,jungle,8,decision_tree,0.5607,400.6
carte,jungle,32,ttnet,0.6465,257.6
carte,jungle,32,xgboost,0.6562,15542.0
carte,jungle,32,logistic_rule_regression,0.6283,48.0
carte,jungle,32,logistic_regression,0.674,12.0
carte,jungle,32,decision_tree,0.5963,419.4
carte,jungle,256,ttnet,0.7736,283.2
carte,jungle,256,xgboost,0.8163,6354.8
carte,jungle,256,logistic_rule_regression,0.814,41.0
carte,jungle,256,logistic_regression,0.7828,12.0
carte,jungle,256,decision_tree,0.7455,531.0
carte,jungle,128,ttnet,0.6763,158.0
carte,jungle,128,xgboost,0.6897,3926.0
carte,jungle,128,logistic_rule_regression,0.6696,66.0
carte,jungle,128,logistic_regression,0.6828,12.0
carte,jungle,128,decision_tree,0.6298,283.8
carte,heart,64,ttnet,0.7748,422.0
carte,heart,64,xgboost,0.804,8660.8
carte,heart,64,logistic_rule_regression,0.7931,47.6
carte,heart,64,logistic_regression,0.7852,30.0
carte,heart,64,decision_tree,0.7303,387.8
carte,heart,16,ttnet,0.7163,350.8
carte,heart,16,xgboost,0.7963,1102.2
carte,heart,16,logistic_rule_regression,0.7783,61.0
carte,heart,16,logistic_regression,0.8089,30.0
carte,heart,16,decision_tree,0.684,210.2
carte,heart,8,ttnet,0.7137,389.4
carte,heart,8,xgboost,0.6572,2371.4
carte,heart,8,logistic_rule_regression,0.6664,24.0
carte,heart,8,logistic_regression,0.5846,30.0
carte,heart,8,decision_tree,0.554,31.8
carte,heart,32,ttnet,0.6231,401.2
carte,heart,32,xgboost,0.7718,1679.8
carte,heart,32,logistic_rule_regression,0.7597,82.0
carte,heart,32,logistic_regression,0.7219,30.0
carte,heart,32,decision_tree,0.6802,169.0
carte,heart,256,ttnet,0.907,417.0
carte,heart,256,xgboost,0.924,13620.4
carte,heart,256,logistic_rule_regression,0.9187,59.4
carte,heart,256,logistic_regression,0.9234,30.0
carte,heart,256,decision_tree,0.8573,282.2
carte,heart,128,ttnet,0.8392,424.8
carte,heart,128,xgboost,0.8585,2951.2
carte,heart,128,logistic_rule_regression,0.8482,61.8
carte,heart,128,logistic_regression,0.8747,30.0
carte,heart,128,decision_tree,0.729,202.2
carte,road_safety,64,ttnet,0.5,-1.0
carte,road_safety,64,xgboost,0.5,-1.0
carte,road_safety,64,logistic_rule_regression,0.5,-1.0
carte,road_safety,64,logistic_regression,0.5,-1.0
carte,road_safety,64,decision_tree,0.5,-1.0
carte,road_safety,16,ttnet,0.5027,442.0
carte,road_safety,16,xgboost,0.5694,3666.4
carte,road_safety,16,logistic_rule_regression,0.5015,2.0
carte,road_safety,16,logistic_regression,0.5246,64.0
carte,road_safety,16,decision_tree,0.5035,28.6
carte,road_safety,8,ttnet,0.5,-1.0
carte,road_safety,8,xgboost,0.5,-1.0
carte,road_safety,8,logistic_rule_regression,0.5,-1.0
carte,road_safety,8,logistic_regression,0.5,-1.0
carte,road_safety,8,decision_tree,0.5,-1.0
carte,road_safety,32,ttnet,0.5302,727.6
carte,road_safety,32,xgboost,0.5177,3931.2
carte,road_safety,32,logistic_rule_regression,0.5018,76.0
carte,road_safety,32,logistic_regression,0.5241,64.0
carte,road_safety,32,decision_tree,0.4953,203.4
carte,road_safety,256,ttnet,0.7124,425.6
carte,road_safety,256,xgboost,0.7236,2412.0
carte,road_safety,256,logistic_rule_regression,0.7208,22.0
carte,road_safety,256,logistic_regression,0.7047,64.0
carte,road_safety,256,decision_tree,0.7096,108.6
carte,road_safety,128,ttnet,0.6921,673.2
carte,road_safety,128,xgboost,0.6933,2369.8
carte,road_safety,128,logistic_rule_regression,0.6959,34.4
carte,road_safety,128,logistic_regression,0.6776,64.0
carte,road_safety,128,decision_tree,0.6525,251.8
carte,calhousing,64,ttnet,0.7984,133.8
carte,calhousing,64,xgboost,0.7717,5080.0
carte,calhousing,64,logistic_rule_regression,0.7784,58.0
carte,calhousing,64,logistic_regression,0.8398,16.0
carte,calhousing,64,decision_tree,0.7314,210.6
carte,calhousing,16,ttnet,0.7772,106.6
carte,calhousing,16,xgboost,0.7269,6717.8
carte,calhousing,16,logistic_rule_regression,0.7221,92.0
carte,calhousing,16,logistic_regression,0.7968,16.0
carte,calhousing,16,decision_tree,0.7061,429.8
carte,calhousing,8,ttnet,0.5385,144.4
carte,calhousing,8,xgboost,0.5699,9609.0
carte,calhousing,8,logistic_rule_regression,0.6379,40.0
carte,calhousing,8,logistic_regression,0.5932,16.0
carte,calhousing,8,decision_tree,0.525,467.8
carte,calhousing,32,ttnet,0.7687,16.0
carte,calhousing,32,xgboost,0.7247,1328.0
carte,calhousing,32,logistic_rule_regression,0.7504,69.0
carte,calhousing,32,logistic_regression,0.7908,16.0
carte,calhousing,32,decision_tree,0.6548,302.2
carte,calhousing,256,ttnet,0.8265,158.2
carte,calhousing,256,xgboost,0.8166,7728.6
carte,calhousing,256,logistic_rule_regression,0.8032,72.0
carte,calhousing,256,logistic_regression,0.8325,16.0
carte,calhousing,256,decision_tree,0.7351,435.8
carte,calhousing,128,ttnet,0.8215,150.0
carte,calhousing,128,xgboost,0.8122,16379.4
carte,calhousing,128,logistic_rule_regression,0.8256,77.0
carte,calhousing,128,logistic_regression,0.8586,16.0
carte,calhousing,128,decision_tree,0.7707,330.6
tabpfn,albert,64,ttnet,0.6211,985.8
tabpfn,albert,64,xgboost,0.6339,2111.6
tabpfn,albert,64,logistic_rule_regression,0.6068,129.6
tabpfn,albert,64,logistic_regression,0.638,194.0
tabpfn,albert,64,decision_tree,0.5875,419.0
tabpfn,albert,16,ttnet,0.5052,832.2
tabpfn,albert,16,xgboost,0.5005,1629.6
tabpfn,albert,16,logistic_rule_regression,0.5149,79.0
tabpfn,albert,16,logistic_regression,0.5096,194.0
tabpfn,albert,16,decision_tree,0.4996,251.0
tabpfn,albert,4,ttnet,0.5271,910.4
tabpfn,albert,4,xgboost,0.5022,1666.2
tabpfn,albert,4,logistic_rule_regression,0.5114,38.0
tabpfn,albert,4,logistic_regression,0.5264,194.0
tabpfn,albert,4,decision_tree,0.5119,274.6
tabpfn,albert,8,ttnet,0.4897,555.4
tabpfn,albert,8,xgboost,0.474,2335.0
tabpfn,albert,8,logistic_rule_regression,0.4621,41.0
tabpfn,albert,8,logistic_regression,0.4946,194.0
tabpfn,albert,8,decision_tree,0.4933,240.2
tabpfn,albert,32,ttnet,0.5161,667.2
tabpfn,albert,32,xgboost,0.5287,1304.6
tabpfn,albert,32,logistic_rule_regression,0.5159,35.8
tabpfn,albert,32,logistic_regression,0.5378,194.0
tabpfn,albert,32,decision_tree,0.5001,75.4
tabpfn,albert,256,ttnet,0.6329,727.2
tabpfn,albert,256,xgboost,0.6674,2692.6
tabpfn,albert,256,logistic_rule_regression,0.6714,105.0
tabpfn,albert,256,logistic_regression,0.6547,194.0
tabpfn,albert,256,decision_tree,0.6357,430.2
tabpfn,albert,128,ttnet,0.6394,945.0
tabpfn,albert,128,xgboost,0.6624,4169.4
tabpfn,albert,128,logistic_rule_regression,0.6506,157.8
tabpfn,albert,128,logistic_regression,0.6456,194.0
tabpfn,albert,128,decision_tree,0.5957,250.6
tabpfn,blood,64,ttnet,0.7291,68.2
tabpfn,blood,64,xgboost,0.7541,1594.8
tabpfn,blood,64,logistic_rule_regression,0.7575,90.0
tabpfn,blood,64,logistic_regression,0.7496,8.0
tabpfn,blood,64,decision_tree,0.6798,490.2
tabpfn,blood,16,ttnet,0.7126,83.0
tabpfn,blood,16,xgboost,0.7197,1590.2
tabpfn,blood,16,logistic_rule_regression,0.7371,88.0
tabpfn,blood,16,logistic_regression,0.7204,8.0
tabpfn,blood,16,decision_tree,0.6597,350.6
tabpfn,blood,4,ttnet,0.5864,87.2
tabpfn,blood,4,xgboost,0.6385,317.4
tabpfn,blood,4,logistic_rule_regression,0.6174,42.0
tabpfn,blood,4,logistic_regression,0.6234,8.0
tabpfn,blood,4,decision_tree,0.6251,233.4
tabpfn,blood,8,ttnet,0.7065,75.0
tabpfn,blood,8,xgboost,0.725,1138.4
tabpfn,blood,8,logistic_rule_regression,0.7318,98.0
tabpfn,blood,8,logistic_regression,0.724,8.0
tabpfn,blood,8,decision_tree,0.6783,437.4
tabpfn,blood,32,ttnet,0.7081,85.2
tabpfn,blood,32,xgboost,0.7095,1554.6
tabpfn,blood,32,logistic_rule_regression,0.7306,92.0
tabpfn,blood,32,logistic_regression,0.7176,8.0
tabpfn,blood,32,decision_tree,0.6526,517.8
tabpfn,blood,256,ttnet,0.7009,65.4
tabpfn,blood,256,xgboost,0.751,1043.0
tabpfn,blood,256,logistic_rule_regression,0.7367,61.0
tabpfn,blood,256,logistic_regression,0.7087,8.0
tabpfn,blood,256,decision_tree,0.6557,316.2
tabpfn,blood,128,ttnet,0.7562,52.4
tabpfn,blood,128,xgboost,0.7619,1804.2
tabpfn,blood,128,logistic_rule_regression,0.76,90.0
tabpfn,blood,128,logistic_regression,0.7657,8.0
tabpfn,blood,128,decision_tree,0.6977,484.2
tabpfn,bank,64,ttnet,0.8136,557.6
tabpfn,bank,64,xgboost,0.8709,2445.8
tabpfn,bank,64,logistic_rule_regression,0.874,65.0
tabpfn,bank,64,logistic_regression,0.8732,64.0
tabpfn,bank,64,decision_tree,0.8103,235.8
tabpfn,bank,16,ttnet,0.7937,541.6
tabpfn,bank,16,xgboost,0.8461,3869.8
tabpfn,bank,16,logistic_rule_regression,0.8468,71.0
tabpfn,bank,16,logistic_regression,0.8637,64.0
tabpfn,bank,16,decision_tree,0.7867,368.2
tabpfn,bank,4,ttnet,0.5452,546.4
tabpfn,bank,4,xgboost,0.5733,2108.6
tabpfn,bank,4,logistic_rule_regression,0.5848,112.0
tabpfn,bank,4,logistic_regression,0.5464,64.0
tabpfn,bank,4,decision_tree,0.5307,279.4
tabpfn,bank,8,ttnet,0.5323,537.6
tabpfn,bank,8,xgboost,0.5757,1164.2
tabpfn,bank,8,logistic_rule_regression,0.593,65.0
tabpfn,bank,8,logistic_regression,0.5568,64.0
tabpfn,bank,8,decision_tree,0.544,225.8
tabpfn,bank,32,ttnet,0.8162,511.2
tabpfn,bank,32,xgboost,0.8711,2293.6
tabpfn,bank,32,logistic_rule_regression,0.8744,81.0
tabpfn,bank,32,logistic_regression,0.8736,64.0
tabpfn,bank,32,decision_tree,0.8115,204.2
tabpfn,bank,256,ttnet,0.8265,504.4
tabpfn,bank,256,xgboost,0.8917,2783.0
tabpfn,bank,256,logistic_rule_regression,0.8817,65.0
tabpfn,bank,256,logistic_regression,0.8831,64.0
tabpfn,bank,256,decision_tree,0.8321,243.0
tabpfn,bank,128,ttnet,0.8275,534.4
tabpfn,bank,128,xgboost,0.8833,1310.8
tabpfn,bank,128,logistic_rule_regression,0.8786,72.0
tabpfn,bank,128,logistic_regression,0.8809,64.0
tabpfn,bank,128,decision_tree,0.8185,246.2
tabpfn,eye_movements,64,ttnet,0.5049,643.6
tabpfn,eye_movements,64,xgboost,0.511,1715.0
tabpfn,eye_movements,64,logistic_rule_regression,0.5122,61.0
tabpfn,eye_movements,64,logistic_regression,0.5018,46.0
tabpfn,eye_movements,64,decision_tree,0.511,203.8
tabpfn,eye_movements,16,ttnet,0.5115,655.2
tabpfn,eye_movements,16,xgboost,0.5175,4917.8
tabpfn,eye_movements,16,logistic_rule_regression,0.5162,64.0
tabpfn,eye_movements,16,logistic_regression,0.5128,46.0
tabpfn,eye_movements,16,decision_tree,0.5193,202.2
tabpfn,eye_movements,4,ttnet,0.5196,640.4
tabpfn,eye_movements,4,xgboost,0.5257,2801.0
tabpfn,eye_movements,4,logistic_rule_regression,0.5278,71.0
tabpfn,eye_movements,4,logistic_regression,0.5312,46.0
tabpfn,eye_movements,4,decision_tree,0.5182,249.0
tabpfn,eye_movements,8,ttnet,0.5367,698.0
tabpfn,eye_movements,8,xgboost,0.5323,5708.4
tabpfn,eye_movements,8,logistic_rule_regression,0.5287,80.0
tabpfn,eye_movements,8,logistic_regression,0.5346,46.0
tabpfn,eye_movements,8,decision_tree,0.5267,173.0
tabpfn,eye_movements,32,ttnet,0.5132,634.4
tabpfn,eye_movements,32,xgboost,0.5097,1102.0
tabpfn,eye_movements,32,logistic_rule_regression,0.5074,65.0
tabpfn,eye_movements,32,logistic_regression,0.4972,46.0
tabpfn,eye_movements,32,decision_tree,0.4994,344.6
tabpfn,eye_movements,256,ttnet,0.5123,602.8
tabpfn,eye_movements,256,xgboost,0.5355,3255.0
tabpfn,eye_movements,256,logistic_rule_regression,0.5306,77.0
tabpfn,eye_movements,256,logistic_regression,0.5114,46.0
tabpfn,eye_movements,256,decision_tree,0.5067,106.6
tabpfn,eye_movements,128,ttnet,0.5079,591.6
tabpfn,eye_movements,128,xgboost,0.5281,4517.6
tabpfn,eye_movements,128,logistic_rule_regression,0.5213,59.0
tabpfn,eye_movements,128,logistic_regression,0.5125,46.0
tabpfn,eye_movements,128,decision_tree,0.5061,295.0
tabpfn,creditg,64,ttnet,0.7194,525.6
tabpfn,creditg,64,xgboost,0.745,2812.6
tabpfn,creditg,64,logistic_rule_regression,0.733,74.0
tabpfn,creditg,64,logistic_regression,0.7295,96.0
tabpfn,creditg,64,decision_tree,0.6937,191.0
tabpfn,creditg,16,ttnet,0.6034,550.0
tabpfn,creditg,16,xgboost,0.6053,1815.2
tabpfn,creditg,16,logistic_rule_regression,0.6021,144.0
tabpfn,creditg,16,logistic_regression,0.6031,96.0
tabpfn,creditg,16,decision_tree,0.5856,359.8
tabpfn,creditg,4,ttnet,0.4241,543.0
tabpfn,creditg,4,xgboost,0.4342,2712.0
tabpfn,creditg,4,logistic_rule_regression,0.4366,38.8
tabpfn,creditg,4,logistic_regression,0.4257,96.0
tabpfn,creditg,4,decision_tree,0.442,305.0
tabpfn,creditg,8,ttnet,0.59,630.4
tabpfn,creditg,8,xgboost,0.5976,1685.4
tabpfn,creditg,8,logistic_rule_regression,0.5909,58.0
tabpfn,creditg,8,logistic_regression,0.5893,96.0
tabpfn,creditg,8,decision_tree,0.5857,58.2
tabpfn,creditg,32,ttnet,0.6834,506.4
tabpfn,creditg,32,xgboost,0.696,1998.2
tabpfn,creditg,32,logistic_rule_regression,0.6668,35.0
tabpfn,creditg,32,logistic_regression,0.6899,96.0
tabpfn,creditg,32,decision_tree,0.6782,146.6
tabpfn,creditg,256,ttnet,0.755,554.6
tabpfn,creditg,256,xgboost,0.7832,4636.4
tabpfn,creditg,256,logistic_rule_regression,0.7678,78.0
tabpfn,creditg,256,logistic_regression,0.7794,96.0
tabpfn,creditg,256,decision_tree,0.7095,365.4
tabpfn,creditg,128,ttnet,0.7556,549.6
tabpfn,creditg,128,xgboost,0.7732,2671.6
tabpfn,creditg,128,logistic_rule_regression,0.7653,115.0
tabpfn,creditg,128,logistic_regression,0.7627,96.0
tabpfn,creditg,128,decision_tree,0.7241,510.6
tabpfn,compas,64,ttnet,0.5955,373.8
tabpfn,compas,64,xgboost,0.6452,159.8
tabpfn,compas,64,logistic_rule_regression,0.6446,19.0
tabpfn,compas,64,logistic_regression,0.6582,22.0
tabpfn,compas,64,decision_tree,0.5824,149.0
tabpfn,compas,16,ttnet,0.6359,388.4
tabpfn,compas,16,xgboost,0.6555,4578.0
tabpfn,compas,16,logistic_rule_regression,0.6639,90.0
tabpfn,compas,16,logistic_regression,0.6601,22.0
tabpfn,compas,16,decision_tree,0.5874,453.4
tabpfn,compas,4,ttnet,0.6165,406.0
tabpfn,compas,4,xgboost,0.6416,553.6
tabpfn,compas,4,logistic_rule_regression,0.6438,68.0
tabpfn,compas,4,logistic_regression,0.6503,22.0
tabpfn,compas,4,decision_tree,0.6099,377.0
tabpfn,compas,8,ttnet,0.6065,384.2
tabpfn,compas,8,xgboost,0.6127,1474.6
tabpfn,compas,8,logistic_rule_regression,0.6239,45.4
tabpfn,compas,8,logistic_regression,0.6268,22.0
tabpfn,compas,8,decision_tree,0.5737,241.4
tabpfn,compas,32,ttnet,0.6257,369.4
tabpfn,compas,32,xgboost,0.6428,3032.6
tabpfn,compas,32,logistic_rule_regression,0.6527,50.0
tabpfn,compas,32,logistic_regression,0.6633,22.0
tabpfn,compas,32,decision_tree,0.5772,217.0
tabpfn,compas,256,ttnet,0.688,362.0
tabpfn,compas,256,xgboost,0.7227,1020.4
tabpfn,compas,256,logistic_rule_regression,0.7161,52.0
tabpfn,compas,256,logistic_regression,0.7202,22.0
tabpfn,compas,256,decision_tree,0.6817,267.0
tabpfn,compas,128,ttnet,0.658,327.8
tabpfn,compas,128,xgboost,0.7008,863.4
tabpfn,compas,128,logistic_rule_regression,0.6968,31.0
tabpfn,compas,128,logistic_regression,0.6982,22.0
tabpfn,compas,128,decision_tree,0.6408,103.0
tabpfn,electricity,64,ttnet,0.749,396.0
tabpfn,electricity,64,xgboost,0.7801,691.6
tabpfn,electricity,64,logistic_rule_regression,0.7666,8.6
tabpfn,electricity,64,logistic_regression,0.7815,26.0
tabpfn,electricity,64,decision_tree,0.7368,66.2
tabpfn,electricity,16,ttnet,0.7341,456.2
tabpfn,electricity,16,xgboost,0.7597,2432.8
tabpfn,electricity,16,logistic_rule_regression,0.7535,87.0
tabpfn,electricity,16,logistic_regression,0.7617,26.0
tabpfn,electricity,16,decision_tree,0.6977,253.0
tabpfn,electricity,4,ttnet,0.6481,431.8
tabpfn,electricity,4,xgboost,0.6241,2513.2
tabpfn,electricity,4,logistic_rule_regression,0.6728,61.0
tabpfn,electricity,4,logistic_regression,0.697,26.0
tabpfn,electricity,4,decision_tree,0.601,199.8
tabpfn,electricity,8,ttnet,0.7597,431.8
tabpfn,electricity,8,xgboost,0.7641,3061.4
tabpfn,electricity,8,logistic_rule_regression,0.7702,69.0
tabpfn,electricity,8,logistic_regression,0.7817,26.0
tabpfn,electricity,8,decision_tree,0.7266,208.6
tabpfn,electricity,32,ttnet,0.7582,450.2
tabpfn,electricity,32,xgboost,0.7871,4272.8
tabpfn,electricity,32,logistic_rule_regression,0.7853,65.6
tabpfn,electricity,32,logistic_regression,0.7828,26.0
tabpfn,electricity,32,decision_tree,0.7462,114.6
tabpfn,electricity,256,ttnet,0.7685,483.2
tabpfn,electricity,256,xgboost,0.843,2678.8
tabpfn,electricity,256,logistic_rule_regression,0.8364,66.0
tabpfn,electricity,256,logistic_regression,0.8073,26.0
tabpfn,electricity,256,decision_tree,0.7773,207.8
tabpfn,electricity,128,ttnet,0.7607,456.4
tabpfn,electricity,128,xgboost,0.8078,7723.6
tabpfn,electricity,128,logistic_rule_regression,0.8036,55.0
tabpfn,electricity,128,logistic_regression,0.8031,26.0
tabpfn,electricity,128,decision_tree,0.7561,221.8
tabpfn,income,64,ttnet,0.8374,578.6
tabpfn,income,64,xgboost,0.8414,3019.8
tabpfn,income,64,logistic_rule_regression,0.8423,60.0
tabpfn,income,64,logistic_regression,0.8359,200.0
tabpfn,income,64,decision_tree,0.801,175.4
tabpfn,income,16,ttnet,0.5188,763.0
tabpfn,income,16,xgboost,0.5219,3191.4
tabpfn,income,16,logistic_rule_regression,0.4928,93.4
tabpfn,income,16,logistic_regression,0.5475,200.0
tabpfn,income,16,decision_tree,0.5221,368.2
tabpfn,income,4,ttnet,0.7105,569.6
tabpfn,income,4,xgboost,0.7093,1106.4
tabpfn,income,4,logistic_rule_regression,0.685,49.0
tabpfn,income,4,logistic_regression,0.7408,200.0
tabpfn,income,4,decision_tree,0.6336,127.8
tabpfn,income,8,ttnet,0.5392,562.2
tabpfn,income,8,xgboost,0.556,1887.0
tabpfn,income,8,logistic_rule_regression,0.5872,63.0
tabpfn,income,8,logistic_regression,0.5475,200.0
tabpfn,income,8,decision_tree,0.5063,181.4
tabpfn,income,32,ttnet,0.7576,748.0
tabpfn,income,32,xgboost,0.7706,898.6
tabpfn,income,32,logistic_rule_regression,0.7544,78.0
tabpfn,income,32,logistic_regression,0.7841,200.0
tabpfn,income,32,decision_tree,0.7304,355.4
tabpfn,income,256,ttnet,0.8693,624.2
tabpfn,income,256,xgboost,0.886,2070.8
tabpfn,income,256,logistic_rule_regression,0.872,70.0
tabpfn,income,256,logistic_regression,0.8851,200.0
tabpfn,income,256,decision_tree,0.8191,261.8
tabpfn,income,128,ttnet,0.8601,652.8
tabpfn,income,128,xgboost,0.8732,1589.4
tabpfn,income,128,logistic_rule_regression,0.8637,68.0
tabpfn,income,128,logistic_regression,0.8705,200.0
tabpfn,income,128,decision_tree,0.8134,128.2
tabpfn,diabetes,64,ttnet,0.7672,218.0
tabpfn,diabetes,64,xgboost,0.8031,1433.8
tabpfn,diabetes,64,logistic_rule_regression,0.7873,49.0
tabpfn,diabetes,64,logistic_regression,0.8008,16.0
tabpfn,diabetes,64,decision_tree,0.7286,150.6
tabpfn,diabetes,16,ttnet,0.7074,275.8
tabpfn,diabetes,16,xgboost,0.7238,2211.4
tabpfn,diabetes,16,logistic_rule_regression,0.7067,90.0
tabpfn,diabetes,16,logistic_regression,0.7434,16.0
tabpfn,diabetes,16,decision_tree,0.6564,415.0
tabpfn,diabetes,4,ttnet,0.5986,185.4
tabpfn,diabetes,4,xgboost,0.7271,1025.6
tabpfn,diabetes,4,logistic_rule_regression,0.7306,87.4
tabpfn,diabetes,4,logistic_regression,0.6876,16.0
tabpfn,diabetes,4,decision_tree,0.6559,378.6
tabpfn,diabetes,8,ttnet,0.7548,265.0
tabpfn,diabetes,8,xgboost,0.7375,1105.2
tabpfn,diabetes,8,logistic_rule_regression,0.732,94.0
tabpfn,diabetes,8,logistic_regression,0.7151,16.0
tabpfn,diabetes,8,decision_tree,0.6888,258.6
tabpfn,diabetes,32,ttnet,0.6963,231.6
tabpfn,diabetes,32,xgboost,0.7358,2625.6
tabpfn,diabetes,32,logistic_rule_regression,0.7049,50.0
tabpfn,diabetes,32,logistic_regression,0.7097,16.0
tabpfn,diabetes,32,decision_tree,0.675,244.2
tabpfn,diabetes,256,ttnet,0.7813,250.0
tabpfn,diabetes,256,xgboost,0.8484,2232.8
tabpfn,diabetes,256,logistic_rule_regression,0.8349,93.0
tabpfn,diabetes,256,logistic_regression,0.8283,16.0
tabpfn,diabetes,256,decision_tree,0.7745,391.8
tabpfn,diabetes,128,ttnet,0.7663,216.6
tabpfn,diabetes,128,xgboost,0.8363,2746.0
tabpfn,diabetes,128,logistic_rule_regression,0.8277,82.0
tabpfn,diabetes,128,logistic_regression,0.8262,16.0
tabpfn,diabetes,128,decision_tree,0.7552,269.4
tabpfn,covertype,64,ttnet,0.7468,599.0
tabpfn,covertype,64,xgboost,0.8054,1174.2
tabpfn,covertype,64,logistic_rule_regression,0.7954,39.0
tabpfn,covertype,64,logistic_regression,0.8198,98.0
tabpfn,covertype,64,decision_tree,0.7019,56.2
tabpfn,covertype,16,ttnet,0.7378,610.6
tabpfn,covertype,16,xgboost,0.773,1713.2
tabpfn,covertype,16,logistic_rule_regression,0.7583,71.0
tabpfn,covertype,16,logistic_regression,0.7726,98.0
tabpfn,covertype,16,decision_tree,0.7248,281.8
tabpfn,covertype,4,ttnet,0.6028,637.2
tabpfn,covertype,4,xgboost,0.613,1138.6
tabpfn,covertype,4,logistic_rule_regression,0.6258,62.0
tabpfn,covertype,4,logistic_regression,0.5758,98.0
tabpfn,covertype,4,decision_tree,0.5887,342.6
tabpfn,covertype,8,ttnet,0.7509,544.6
tabpfn,covertype,8,xgboost,0.7894,1369.8
tabpfn,covertype,8,logistic_rule_regression,0.7925,58.0
tabpfn,covertype,8,logistic_regression,0.8098,98.0
tabpfn,covertype,8,decision_tree,0.7494,210.6
tabpfn,covertype,32,ttnet,0.7094,573.8
tabpfn,covertype,32,xgboost,0.7389,2668.6
tabpfn,covertype,32,logistic_rule_regression,0.7609,105.0
tabpfn,covertype,32,logistic_regression,0.7547,98.0
tabpfn,covertype,32,decision_tree,0.7351,308.6
tabpfn,covertype,256,ttnet,0.7617,603.4
tabpfn,covertype,256,xgboost,0.827,1185.6
tabpfn,covertype,256,logistic_rule_regression,0.8152,101.0
tabpfn,covertype,256,logistic_regression,0.8299,98.0
tabpfn,covertype,256,decision_tree,0.7695,163.8
tabpfn,covertype,128,ttnet,0.7624,522.6
tabpfn,covertype,128,xgboost,0.8165,1549.4
tabpfn,covertype,128,logistic_rule_regression,0.8061,83.0
tabpfn,covertype,128,logistic_regression,0.8225,98.0
tabpfn,covertype,128,decision_tree,0.7614,109.8
tabpfn,credit_card_default,64,ttnet,0.6875,493.6
tabpfn,credit_card_default,64,xgboost,0.7132,3731.8
tabpfn,credit_card_default,64,logistic_rule_regression,0.7235,17.0
tabpfn,credit_card_default,64,logistic_regression,0.6828,42.0
tabpfn,credit_card_default,64,decision_tree,0.6846,29.0
tabpfn,credit_card_default,16,ttnet,0.6797,618.6
tabpfn,credit_card_default,16,xgboost,0.7001,1872.0
tabpfn,credit_card_default,16,logistic_rule_regression,0.7173,147.0
tabpfn,credit_card_default,16,logistic_regression,0.7018,42.0
tabpfn,credit_card_default,16,decision_tree,0.6694,312.6
tabpfn,credit_card_default,4,ttnet,0.5335,624.6
tabpfn,credit_card_default,4,xgboost,0.5221,1994.0
tabpfn,credit_card_default,4,logistic_rule_regression,0.544,76.0
tabpfn,credit_card_default,4,logistic_regression,0.5672,42.0
tabpfn,credit_card_default,4,decision_tree,0.5159,409.4
tabpfn,credit_card_default,8,ttnet,0.7009,609.2
tabpfn,credit_card_default,8,xgboost,0.7107,2238.2
tabpfn,credit_card_default,8,logistic_rule_regression,0.7282,59.0
tabpfn,credit_card_default,8,logistic_regression,0.6977,42.0
tabpfn,credit_card_default,8,decision_tree,0.6997,213.8
tabpfn,credit_card_default,32,ttnet,0.68,621.6
tabpfn,credit_card_default,32,xgboost,0.6845,1122.8
tabpfn,credit_card_default,32,logistic_rule_regression,0.6955,95.0
tabpfn,credit_card_default,32,logistic_regression,0.69,42.0
tabpfn,credit_card_default,32,decision_tree,0.6732,167.4
tabpfn,credit_card_default,256,ttnet,0.7094,606.6
tabpfn,credit_card_default,256,xgboost,0.737,1204.4
tabpfn,credit_card_default,256,logistic_rule_regression,0.7254,63.0
tabpfn,credit_card_default,256,logistic_regression,0.6936,42.0
tabpfn,credit_card_default,256,decision_tree,0.7063,186.6
tabpfn,credit_card_default,128,ttnet,0.7049,623.4
tabpfn,credit_card_default,128,xgboost,0.7236,1472.2
tabpfn,credit_card_default,128,logistic_rule_regression,0.7415,105.0
tabpfn,credit_card_default,128,logistic_regression,0.7045,42.0
tabpfn,credit_card_default,128,decision_tree,0.69,273.4
tabpfn,jungle,64,ttnet,0.7479,272.0
tabpfn,jungle,64,xgboost,0.8041,6954.0
tabpfn,jungle,64,logistic_rule_regression,0.8015,69.0
tabpfn,jungle,64,logistic_regression,0.7457,12.0
tabpfn,jungle,64,decision_tree,0.7493,387.8
tabpfn,jungle,16,ttnet,0.4564,232.0
tabpfn,jungle,16,xgboost,0.6084,22751.4
tabpfn,jungle,16,logistic_rule_regression,0.6204,40.0
tabpfn,jungle,16,logistic_regression,0.4941,12.0
tabpfn,jungle,16,decision_tree,0.5845,586.2
tabpfn,jungle,4,ttnet,0.4831,108.8
tabpfn,jungle,4,xgboost,0.4553,30.4
tabpfn,jungle,4,logistic_rule_regression,0.4553,2.4
tabpfn,jungle,4,logistic_regression,0.4794,12.0
tabpfn,jungle,4,decision_tree,0.4553,10.2
tabpfn,jungle,8,ttnet,0.4545,259.4
tabpfn,jungle,8,xgboost,0.4801,77863.8
tabpfn,jungle,8,logistic_rule_regression,0.5059,53.0
tabpfn,jungle,8,logistic_regression,0.4691,12.0
tabpfn,jungle,8,decision_tree,0.4743,163.0
tabpfn,jungle,32,ttnet,0.7054,295.8
tabpfn,jungle,32,xgboost,0.7431,2112.6
tabpfn,jungle,32,logistic_rule_regression,0.7404,89.0
tabpfn,jungle,32,logistic_regression,0.7063,12.0
tabpfn,jungle,32,decision_tree,0.6971,611.0
tabpfn,jungle,256,ttnet,0.7778,246.4
tabpfn,jungle,256,xgboost,0.8643,4162.6
tabpfn,jungle,256,logistic_rule_regression,0.8534,76.0
tabpfn,jungle,256,logistic_regression,0.7921,12.0
tabpfn,jungle,256,decision_tree,0.7946,350.6
tabpfn,jungle,128,ttnet,0.7477,241.4
tabpfn,jungle,128,xgboost,0.8056,4113.6
tabpfn,jungle,128,logistic_rule_regression,0.7935,52.0
tabpfn,jungle,128,logistic_regression,0.7618,12.0
tabpfn,jungle,128,decision_tree,0.7325,305.0
tabpfn,heart,64,ttnet,0.8715,385.6
tabpfn,heart,64,xgboost,0.896,6734.8
tabpfn,heart,64,logistic_rule_regression,0.8816,40.0
tabpfn,heart,64,logistic_regression,0.8895,30.0
tabpfn,heart,64,decision_tree,0.839,159.0
tabpfn,heart,16,ttnet,0.8929,388.2
tabpfn,heart,16,xgboost,0.9055,2529.2
tabpfn,heart,16,logistic_rule_regression,0.9065,85.0
tabpfn,heart,16,logistic_regression,0.9051,30.0
tabpfn,heart,16,decision_tree,0.8511,365.4
tabpfn,heart,4,ttnet,0.8109,346.8
tabpfn,heart,4,xgboost,0.8945,1463.0
tabpfn,heart,4,logistic_rule_regression,0.8567,40.0
tabpfn,heart,4,logistic_regression,0.8932,30.0
tabpfn,heart,4,decision_tree,0.7711,120.6
tabpfn,heart,8,ttnet,0.8523,383.4
tabpfn,heart,8,xgboost,0.8609,635.4
tabpfn,heart,8,logistic_rule_regression,0.8503,16.6
tabpfn,heart,8,logistic_regression,0.8944,30.0
tabpfn,heart,8,decision_tree,0.7636,27.4
tabpfn,heart,32,ttnet,0.8571,404.4
tabpfn,heart,32,xgboost,0.8761,2444.6
tabpfn,heart,32,logistic_rule_regression,0.8644,61.0
tabpfn,heart,32,logistic_regression,0.8646,30.0
tabpfn,heart,32,decision_tree,0.8125,215.8
tabpfn,heart,256,ttnet,0.911,430.0
tabpfn,heart,256,xgboost,0.9254,9028.8
tabpfn,heart,256,logistic_rule_regression,0.9261,62.0
tabpfn,heart,256,logistic_regression,0.9245,30.0
tabpfn,heart,256,decision_tree,0.8751,461.0
tabpfn,heart,128,ttnet,0.8917,425.2
tabpfn,heart,128,xgboost,0.9082,1871.6
tabpfn,heart,128,logistic_rule_regression,0.9131,88.0
tabpfn,heart,128,logistic_regression,0.9088,30.0
tabpfn,heart,128,decision_tree,0.8331,502.2
tabpfn,road_safety,64,ttnet,0.6797,679.8
tabpfn,road_safety,64,xgboost,0.7462,3143.8
tabpfn,road_safety,64,logistic_rule_regression,0.7294,62.0
tabpfn,road_safety,64,logistic_regression,0.6713,64.0
tabpfn,road_safety,64,decision_tree,0.69,80.6
tabpfn,road_safety,16,ttnet,0.5932,761.8
tabpfn,road_safety,16,xgboost,0.5976,2754.8
tabpfn,road_safety,16,logistic_rule_regression,0.591,73.0
tabpfn,road_safety,16,logistic_regression,0.5446,64.0
tabpfn,road_safety,16,decision_tree,0.5473,160.2
tabpfn,road_safety,4,ttnet,0.5644,525.8
tabpfn,road_safety,4,xgboost,0.5786,1639.8
tabpfn,road_safety,4,logistic_rule_regression,0.5447,4.0
tabpfn,road_safety,4,logistic_regression,0.5638,64.0
tabpfn,road_safety,4,decision_tree,0.5679,9.8
tabpfn,road_safety,8,ttnet,0.5347,739.0
tabpfn,road_safety,8,xgboost,0.5392,1491.8
tabpfn,road_safety,8,logistic_rule_regression,0.5224,50.0
tabpfn,road_safety,8,logistic_regression,0.5078,64.0
tabpfn,road_safety,8,decision_tree,0.5327,256.6
tabpfn,road_safety,32,ttnet,0.723,606.2
tabpfn,road_safety,32,xgboost,0.7308,1918.8
tabpfn,road_safety,32,logistic_rule_regression,0.7125,61.0
tabpfn,road_safety,32,logistic_regression,0.6869,64.0
tabpfn,road_safety,32,decision_tree,0.7017,197.8
tabpfn,road_safety,256,ttnet,0.7501,659.2
tabpfn,road_safety,256,xgboost,0.743,945.2
tabpfn,road_safety,256,logistic_rule_regression,0.7426,21.0
tabpfn,road_safety,256,logistic_regression,0.7436,64.0
tabpfn,road_safety,256,decision_tree,0.7165,84.6
tabpfn,road_safety,128,ttnet,0.7109,698.2
tabpfn,road_safety,128,xgboost,0.7542,998.8
tabpfn,road_safety,128,logistic_rule_regression,0.722,58.0
tabpfn,road_safety,128,logistic_regression,0.6866,64.0
tabpfn,road_safety,128,decision_tree,0.683,131.0
tabpfn,calhousing,64,ttnet,0.824,142.8
tabpfn,calhousing,64,xgboost,0.8804,3466.6
tabpfn,calhousing,64,logistic_rule_regression,0.8642,64.0
tabpfn,calhousing,64,logistic_regression,0.8921,16.0
tabpfn,calhousing,64,decision_tree,0.8058,309.8
tabpfn,calhousing,16,ttnet,0.8145,162.4
tabpfn,calhousing,16,xgboost,0.8226,2640.6
tabpfn,calhousing,16,logistic_rule_regression,0.8246,64.0
tabpfn,calhousing,16,logistic_regression,0.826,16.0
tabpfn,calhousing,16,decision_tree,0.7507,197.0
tabpfn,calhousing,4,ttnet,0.5653,112.8
tabpfn,calhousing,4,xgboost,0.6092,1699.4
tabpfn,calhousing,4,logistic_rule_regression,0.5959,76.0
tabpfn,calhousing,4,logistic_regression,0.5692,16.0
tabpfn,calhousing,4,decision_tree,0.5398,131.8
tabpfn,calhousing,8,ttnet,0.7633,130.4
tabpfn,calhousing,8,xgboost,0.6888,4914.2
tabpfn,calhousing,8,logistic_rule_regression,0.6659,95.0
tabpfn,calhousing,8,logistic_regression,0.6733,16.0
tabpfn,calhousing,8,decision_tree,0.6164,228.2
tabpfn,calhousing,32,ttnet,0.8006,143.2
tabpfn,calhousing,32,xgboost,0.8203,2590.4
tabpfn,calhousing,32,logistic_rule_regression,0.8349,63.0
tabpfn,calhousing,32,logistic_regression,0.8424,16.0
tabpfn,calhousing,32,decision_tree,0.7556,234.2
tabpfn,calhousing,256,ttnet,0.8235,155.8
tabpfn,calhousing,256,xgboost,0.9117,5822.4
tabpfn,calhousing,256,logistic_rule_regression,0.8871,109.0
tabpfn,calhousing,256,logistic_regression,0.9023,16.0
tabpfn,calhousing,256,decision_tree,0.7933,422.6
tabpfn,calhousing,128,ttnet,0.8238,132.0
tabpfn,calhousing,128,xgboost,0.8874,5802.6
tabpfn,calhousing,128,logistic_rule_regression,0.8636,85.0
tabpfn,calhousing,128,logistic_regression,0.8883,16.0
tabpfn,calhousing,128,decision_tree,0.8098,319.4
